,Matchday,Day,Date_x,Time_x,home,xG_home,xG_away,away,Assistance,Venue,Referee_x,Match Report,goals_home,goals_away,formacao_home,formacao_away,Fouls_home,Fouls_away,Corners_home,Corners_away,Crosses_home,Crosses_away,Touches_home,Touches_away,Tackles_home,Tackles_away,Interceptions_home,Interceptions_away,Aerials Won_home,Aerials Won_away,Clearances_home,Clearances_away,Offsides_home,Offsides_away,Goal Kicks_home,Goal Kicks_away,Throw Ins_home,Throw Ins_away,Long Balls_home,Long Balls_away,yellow_card_home,red_card_home,yellow_red_card_home,yellow_card_away,red_card_away,yellow_red_card_away,jogador1_home,jogador2_home,jogador3_home,jogador4_home,jogador5_home,jogador6_home,jogador7_home,jogador8_home,jogador9_home,jogador10_home,jogador11_home,jogador12_home,jogador13_home,jogador14_home,jogador15_home,jogador16_home,jogador17_home,jogador1_away,jogador2_away,jogador3_away,jogador4_away,jogador5_away,jogador6_away,jogador7_away,jogador8_away,jogador9_away,jogador10_away,jogador11_away,jogador12_away,jogador13_away,jogador14_away,jogador15_away,jogador16_away,jogador17_away,Div,Date_y,FTHG,FTAG,FTR,HTHG,HTAG,HTR,Referee_y,HS,AS,HST,AST,HF,AF,HC,AC,HY,AY,HR,AR,B365H,B365D,B365A,BWH,BWD,BWA,IWH,IWD,IWA,LBH,LBD,LBA,PSH,PSD,PSA,WHH,WHD,WHA,VCH,VCD,VCA,Bb1X2,BbMxH,BbAvH,BbMxD,BbAvD,BbMxA,BbAvA,BbOU,BbMx>2.5,BbAv>2.5,BbMx<2.5,BbAv<2.5,BbAH,BbAHh,BbMxAHH,BbAvAHH,BbMxAHA,BbAvAHA,PSCH,PSCD,PSCA,Season,Time_y,MaxH,MaxD,MaxA,AvgH,AvgD,AvgA,B365>2.5,B365<2.5,P>2.5,P<2.5,Max>2.5,Max<2.5,Avg>2.5,Avg<2.5,AHh,B365AHH,B365AHA,PAHH,PAHA,MaxAHH,MaxAHA,AvgAHH,AvgAHA,B365CH,B365CD,B365CA,BWCH,BWCD,BWCA,IWCH,IWCD,IWCA,WHCH,WHCD,WHCA,VCCH,VCCD,VCCA,MaxCH,MaxCD,MaxCA,AvgCH,AvgCD,AvgCA,B365C>2.5,B365C<2.5,PC>2.5,PC<2.5,MaxC>2.5,MaxC<2.5,AvgC>2.5,AvgC<2.5,AHCh,B365CAHH,B365CAHA,PCAHH,PCAHA,MaxCAHH,MaxCAHA,AvgCAHH,AvgCAHA,season,jogador18_home,jogador19_home,jogador18_away,jogador19_away,dif,result,home_Points,away_Points,num_starters_home,num_starters_away,Yellows_scored_home_MA5,Yellows_scored_away_MA5,Yellows_conceeded_home_MA5,Yellows_conceeded_away_MA5,Reds_scored_home_MA5,Reds_scored_away_MA5,Reds_conceeded_home_MA5,Reds_conceeded_away_MA5,Yellow_Reds_scored_home_MA5,Yellow_Reds_scored_away_MA5,Yellow_Reds_conceeded_home_MA5,Yellow_Reds_conceeded_away_MA5,Fouls_scored_home_MA5,Fouls_scored_away_MA5,Fouls_conceeded_home_MA5,Fouls_conceeded_away_MA5,Goals_scored_home_MA5,Goals_scored_away_MA5,Goals_conceeded_home_MA5,Goals_conceeded_away_MA5,Shoots_scored_home_MA5,Shoots_scored_away_MA5,Shoots_conceeded_home_MA5,Shoots_conceeded_away_MA5,SOT_scored_home_MA5,SOT_scored_away_MA5,SOT_conceeded_home_MA5,SOT_conceeded_away_MA5,Corners_scored_home_MA5,Corners_scored_away_MA5,Corners_conceeded_home_MA5,Corners_conceeded_away_MA5,Crosses_scored_home_MA5,Crosses_scored_away_MA5,Crosses_conceeded_home_MA5,Crosses_conceeded_away_MA5,Touches_scored_home_MA5,Touches_scored_away_MA5,Touches_conceeded_home_MA5,Touches_conceeded_away_MA5,Interceptions_scored_home_MA5,Interceptions_scored_away_MA5,Interceptions_conceeded_home_MA5,Interceptions_conceeded_away_MA5,Tackles_scored_home_MA5,Tackles_scored_away_MA5,Tackles_conceeded_home_MA5,Tackles_conceeded_away_MA5,Clearances_scored_home_MA5,Clearances_scored_away_MA5,Clearances_conceeded_home_MA5,Clearances_conceeded_away_MA5,Offsides_scored_home_MA5,Offsides_scored_away_MA5,Offsides_conceeded_home_MA5,Offsides_conceeded_away_MA5,Long Balls_scored_home_MA5,Long Balls_scored_away_MA5,Long Balls_conceeded_home_MA5,Long Balls_conceeded_away_MA5,Points_total_home_MA5,Points_total_away_MA5
1523,1,Sat,2022-08-06,15:00,Newcastle,1.7,0.3,Nott'm Forest,"52,245",St James' Park,Simon Hooper,/en/matches/1ac96eb4/Newcastle-United-Nottingham-Forest-August-6-2022-Premier-League,2,0,4-3-3,3-4-1-2,9.0,14.0,11.0,1.0,25.0,9.0,634.0,475.0,19.0,15.0,11.0,10.0,12.0,16.0,14.0,37.0,2.0,0.0,2.0,12.0,21.0,26.0,64.0,70.0,0.0,0.0,0.0,3.0,0.0,0.0,Nick Pope,Kieran Trippier,Fabian Schär,Joelinton,Callum Wilson,Allan Saint-Maximin,Matt Targett,Miguel Almirón,Joe Willock,Dan Burn,Bruno Guimarães,Martin Dúbravka,Paul Dummett,Sven Botman,Matt Ritchie,Chris Wood,Ryan Fraser,Dean Henderson,Joe Worrall,Neco Williams,Jack Colback,Jesse Lingard,Lewis O'Brien,Harry Toffolo,Sam Surridge,Moussa Niakhate,Brennan Johnson,Scott McKenna,Wayne Hennessey,Giulian Biancone,Orel Mangala,Loïc Mbe Soh,Taiwo Awoniyi,Alex Mighten,E0,06/08/2022,2.0,0.0,H,0.0,0.0,D,S Hooper,23.0,5.0,10.0,0.0,9.0,14.0,11.0,1.0,0.0,3.0,0.0,0.0,1.66,3.8,5.25,1.65,3.8,5.5,1.65,3.8,5.5,,,,1.71,3.74,5.83,1.67,3.7,5.25,1.62,3.7,5.5,,,,,,,,,,,,,,,,,,,1.57,4.22,6.6,2022.0,15:00,1.72,3.96,6.0,1.67,3.8,5.57,2.05,1.85,2.1,1.81,2.1,1.86,2.03,1.81,-0.75,1.87,2.06,1.92,2.01,1.92,2.08,1.86,2.02,1.53,4.0,6.0,1.58,3.9,6.0,1.63,3.8,6.0,1.53,3.9,6.5,1.57,3.9,7.0,1.67,4.3,7.0,1.59,4.07,6.15,1.94,1.96,1.97,1.93,2.06,1.97,1.94,1.89,-1.0,1.97,1.96,1.99,1.93,2.19,1.97,2.03,1.86,2023,Jacob Murphy,Elliot Anderson,Cafú,Lyle Taylor,2,0,3.0,0.0,8.0,,1.2,,1.6,,0.0,,0.0,,0.0,,0.0,,10.4,,8.8,,1.4,,1.4,,9.6,,14.6,,4.4,,5.6,,3.8,,6.4,,13.2,,17.4,,492.2,,612.4,,8.2,,6.8,,18.6,,13.8,,22.0,,16.0,,3.8,,1.8,,69.2,,69.4,,1.8,
1537,2,Sun,2022-08-14,14:00,Nott'm Forest,1.3,2.1,West Ham,"29,281",The City Ground,Robert Jones,/en/matches/b1ebeda5/Nottingham-Forest-West-Ham-United-August-14-2022-Premier-League,1,0,3-4-1-2,4-3-3,10.0,11.0,6.0,7.0,20.0,26.0,464.0,545.0,16.0,16.0,5.0,7.0,18.0,20.0,31.0,22.0,3.0,2.0,10.0,5.0,17.0,26.0,70.0,80.0,4.0,0.0,0.0,1.0,0.0,0.0,Dean Henderson,Joe Worrall,Orel Mangala,Neco Williams,Taiwo Awoniyi,Jesse Lingard,Lewis O'Brien,Harry Toffolo,Moussa Niakhate,Brennan Johnson,Scott McKenna,Wayne Hennessey,Giulian Biancone,Steve Cook,Loïc Mbe Soh,Sam Surridge,Alex Mighten,Łukasz Fabiański,Ben Johnson,Aaron Cresswell,Kurt Zouma,Vladimír Coufal,Pablo Fornals,Michail Antonio,Jarrod Bowen,Saïd Benrahma,Tomáš Souček,Declan Rice,Alphonse Areola,Darren Randolph,Gianluca Scamacca,Manuel Lanzini,Flynn Downes,Maxwel Cornet,E0,14/08/2022,1.0,0.0,H,1.0,0.0,H,R Jones,13.0,19.0,6.0,5.0,10.0,11.0,6.0,7.0,4.0,1.0,0.0,0.0,4.2,3.6,1.85,4.1,3.6,1.87,4.1,3.6,1.9,,,,4.28,3.72,1.92,4.2,3.5,1.85,4.1,3.5,1.85,,,,,,,,,,,,,,,,,,,4.03,3.68,1.99,2022.0,14:00,4.4,3.75,1.94,4.21,3.64,1.9,1.92,1.98,1.9,2.01,1.95,2.01,1.9,1.93,0.5,2.0,1.9,2.0,1.92,2.02,1.92,1.98,1.89,3.8,3.5,1.95,3.9,3.6,1.9,3.95,3.5,1.95,4.2,3.4,1.91,4.0,3.6,1.95,4.48,3.8,2.02,4.01,3.62,1.95,1.91,1.99,1.92,2.01,1.92,2.03,1.88,1.96,0.5,1.9,2.0,1.93,1.99,1.96,2.04,1.92,1.95,2023,Cafú,Lyle Taylor,Conor Coventry,,1,0,3.0,0.0,,10.0,,1.4,,1.2,,0.0,,0.0,,0.0,,0.0,,8.0,,6.8,,1.6,,1.8,,8.0,,16.8,,2.6,,5.2,,3.8,,6.8,,18.8,,21.4,,572.6,,700.0,,9.2,,6.6,,12.4,,11.2,,19.8,,19.4,,1.8,,0.6,,70.6,,56.2,,0.8
1542,3,Sat,2022-08-20,15:00,Everton,1.5,1.0,Nott'm Forest,"39,271",Goodison Park,Andre Marriner,/en/matches/3c3cc86f/Everton-Nottingham-Forest-August-20-2022-Premier-League,1,1,3-4-3,3-4-1-2,6.0,9.0,6.0,2.0,18.0,15.0,576.0,589.0,13.0,22.0,11.0,2.0,10.0,15.0,16.0,21.0,4.0,1.0,9.0,12.0,22.0,19.0,84.0,79.0,3.0,0.0,0.0,2.0,0.0,0.0,Jordan Pickford,James Tarkowski,Nathan Patterson,Mason Holgate,Anthony Gordon,Demarai Gray,Alex Iwobi,Vitaliy Mykolenko,Tom Davies,Conor Coady,Salomón Rondón,Asmir Begović,Michael Keane,Allan,Dwight McNeil,Amadou Onana,Dele Alli,Dean Henderson,Steve Cook,Joe Worrall,Orel Mangala,Neco Williams,Taiwo Awoniyi,Jesse Lingard,Lewis O'Brien,Harry Toffolo,Brennan Johnson,Scott McKenna,Wayne Hennessey,Giulian Biancone,Morgan Gibbs-White,Sam Surridge,Alex Mighten,Cheikhou Kouyaté,E0,20/08/2022,1.0,1.0,D,0.0,0.0,D,A Marriner,19.0,14.0,8.0,5.0,6.0,9.0,6.0,2.0,3.0,2.0,0.0,0.0,1.9,3.6,4.0,1.9,3.5,4.0,1.97,3.45,3.85,,,,2.0,3.45,4.27,1.91,3.5,4.0,1.93,3.3,4.0,,,,,,,,,,,,,,,,,,,1.89,3.58,4.62,2022.0,15:00,2.02,3.64,4.3,1.97,3.48,4.05,2.1,1.72,2.1,1.81,2.12,1.82,2.06,1.78,-0.5,1.98,1.92,2.0,1.93,2.02,1.94,1.98,1.9,1.85,3.6,4.2,1.85,3.4,4.4,1.9,3.55,4.3,1.85,3.4,4.4,1.87,3.5,4.5,1.99,3.7,4.62,1.91,3.52,4.33,2.1,1.72,2.18,1.77,2.2,1.85,2.11,1.75,-0.5,1.86,2.04,1.89,2.03,1.96,2.08,1.9,1.97,2023,Séamus Coleman,Jean-Philippe Gbamin,Ryan Yates,Remo Freuler,0,1,1.0,1.0,9.0,,1.4,,2.4,,0.4,,0.0,,0.0,,0.0,,9.4,,9.6,,1.4,,2.6,,10.2,,15.6,,4.2,,6.2,,4.6,,8.0,,15.8,,21.0,,452.6,,709.2,,6.8,,7.6,,18.2,,16.0,,24.2,,18.2,,1.0,,2.0,,72.2,,62.2,,0.6,
1559,4,Sun,2022-08-28,16:30,Nott'm Forest,0.9,2.4,Tottenham,"29,296",The City Ground,Craig Pawson,/en/matches/3c364307/Nottingham-Forest-Tottenham-Hotspur-August-28-2022-Premier-League,0,2,3-4-3,3-4-3,11.0,13.0,6.0,1.0,24.0,10.0,729.0,613.0,21.0,12.0,13.0,18.0,15.0,15.0,7.0,26.0,1.0,3.0,9.0,10.0,17.0,19.0,70.0,64.0,6.0,0.0,0.0,1.0,0.0,0.0,Dean Henderson,Steve Cook,Joe Worrall,Neco Williams,Morgan Gibbs-White,Jesse Lingard,Lewis O'Brien,Harry Toffolo,Brennan Johnson,Ryan Yates,Scott McKenna,Wayne Hennessey,Giulian Biancone,Jack Colback,Taiwo Awoniyi,Sam Surridge,Alex Mighten,Hugo Lloris,Pierre Højbjerg,Davinson Sánchez,Son Heung-min,Harry Kane,Emerson,Ivan Perišić,Eric Dier,Dejan Kulusevski,Rodrigo Bentancur,Ben Davies,Fraser Forster,Matt Doherty,Richarlison,Ryan Sessegnon,Djed Spence,Japhet Tanganga,E0,28/08/2022,0.0,2.0,A,0.0,1.0,A,C Pawson,17.0,18.0,1.0,7.0,11.0,13.0,6.0,1.0,6.0,1.0,0.0,0.0,7.0,4.6,1.44,6.75,4.5,1.46,6.75,4.5,1.45,,,,7.15,4.63,1.49,7.0,4.4,1.44,7.0,4.2,1.44,,,,,,,,,,,,,,,,,,,7.1,5.05,1.45,2022.0,16:30,7.5,4.8,1.51,6.98,4.59,1.47,1.72,2.1,1.79,2.13,1.79,2.2,1.74,2.12,1.25,1.81,2.09,1.83,2.12,1.85,2.12,1.82,2.06,7.0,4.75,1.45,6.5,4.6,1.46,6.5,4.6,1.47,7.5,4.4,1.44,7.5,4.6,1.44,7.53,5.05,1.51,6.89,4.77,1.46,1.61,2.3,1.66,2.35,1.75,2.47,1.64,2.3,1.25,1.87,2.03,1.88,2.06,1.95,2.1,1.86,2.01,2023,Cheikhou Kouyaté,Remo Freuler,Pape Matar Sarr,Clément Lenglet,-2,2,0.0,3.0,,11.0,,1.8,,2.0,,0.0,,0.0,,0.0,,0.0,,9.8,,8.8,,2.6,,0.6,,15.8,,12.6,,7.6,,1.8,,6.6,,4.2,,19.6,,17.4,,677.4,,579.2,,7.0,,8.4,,16.8,,18.2,,20.2,,17.4,,2.0,,0.8,,62.0,,71.6,,2.6
1565,5,Wed,2022-08-31,19:30,Man City,3.3,0.7,Nott'm Forest,"53,409",Etihad Stadium,Paul Tierney,/en/matches/9760b466/Manchester-City-Nottingham-Forest-August-31-2022-Premier-League,6,0,4-2-3-1,5-3-2,9.0,7.0,10.0,1.0,27.0,7.0,902.0,378.0,13.0,14.0,5.0,14.0,17.0,8.0,6.0,27.0,2.0,2.0,4.0,9.0,16.0,12.0,67.0,55.0,0.0,0.0,0.0,1.0,0.0,0.0,Ederson,Kyle Walker,Rúben Dias,John Stones,João Cancelo,İlkay Gündoğan,Erling Haaland,Rodri,Julián Álvarez,Bernardo Silva,Phil Foden,Stefan Ortega,Kevin De Bruyne,Sergio Gómez,Riyad Mahrez,Cole Palmer,Claudio Gomes,Dean Henderson,Joe Worrall,Neco Williams,Morgan Gibbs-White,Lewis O'Brien,Brennan Johnson,Cheikhou Kouyaté,Ryan Yates,Remo Freuler,Scott McKenna,Renan Lodi,Wayne Hennessey,Giulian Biancone,Steve Cook,Jack Colback,Taiwo Awoniyi,Jesse Lingard,E0,31/08/2022,6.0,0.0,H,3.0,0.0,H,P Tierney,17.0,8.0,9.0,1.0,9.0,7.0,10.0,1.0,0.0,1.0,0.0,0.0,1.06,13.0,29.0,1.08,12.5,34.0,1.07,12.0,28.0,,,,1.08,13.43,31.06,1.06,12.0,29.0,1.06,11.5,29.0,,,,,,,,,,,,,,,,,,,1.1,12.5,26.0,2022.0,19:30,1.1,14.5,43.0,1.08,12.84,30.99,1.22,4.33,1.33,3.16,1.27,4.33,1.24,4.07,-3.0,2.02,1.88,2.02,1.87,2.06,1.91,2.01,1.86,1.08,11.0,23.0,1.09,12.0,26.0,1.1,10.0,22.0,1.07,11.0,29.0,1.06,12.0,31.0,1.12,13.0,36.0,1.09,11.93,27.15,1.25,4.0,1.33,3.16,1.27,4.55,1.24,4.06,-2.75,1.92,1.98,1.93,1.96,1.99,2.01,1.91,1.97,2023,Rico Lewis,Ben Knight,Harry Toffolo,Sam Surridge,6,0,3.0,0.0,9.0,,0.8,,2.2,,0.0,,0.0,,0.0,,0.0,,7.8,,10.0,,3.2,,1.4,,19.2,,5.4,,5.8,,2.4,,7.8,,1.8,,25.8,,8.0,,832.4,,400.8,,4.6,,9.2,,9.2,,12.6,,8.0,,23.2,,1.4,,2.0,,62.0,,66.6,,2.6,
1571,6,Sat,2022-09-03,15:00,Nott'm Forest,1.9,0.8,Bournemouth,"28,720",The City Ground,Michael Oliver,/en/matches/05f32555/Nottingham-Forest-Bournemouth-September-3-2022-Premier-League,2,3,3-4-3,4-2-3-1,13.0,10.0,4.0,6.0,27.0,20.0,641.0,604.0,13.0,12.0,9.0,3.0,12.0,12.0,18.0,29.0,1.0,1.0,6.0,6.0,20.0,29.0,85.0,65.0,2.0,0.0,0.0,1.0,0.0,0.0,Dean Henderson,Steve Cook,Joe Worrall,Neco Williams,Morgan Gibbs-White,Jesse Lingard,Brennan Johnson,Cheikhou Kouyaté,Ryan Yates,Scott McKenna,Renan Lodi,Wayne Hennessey,Giulian Biancone,Jack Colback,Taiwo Awoniyi,Lewis O'Brien,Harry Toffolo,Neto,Lewis Cook,Lloyd Kelly,Chris Mepham,Jefferson Lerma,Dominic Solanke,Ryan Christie,Adam Smith,Marcus Tavernier,Philip Billing,Jordan Zemura,Mark Travers,Ryan Fredericks,Jack Stephens,Emiliano Marcondes,Jack Stacey,Siriki Dembélé,E0,03/09/2022,2.0,3.0,A,2.0,0.0,H,M Oliver,11.0,8.0,3.0,3.0,13.0,10.0,4.0,6.0,2.0,1.0,0.0,0.0,1.95,3.5,3.8,2.0,3.4,3.8,2.0,3.45,3.8,,,,2.05,3.51,4.0,2.0,3.4,3.8,1.95,3.3,3.9,,,,,,,,,,,,,,,,,,,2.21,3.38,3.65,2022.0,15:00,2.06,3.56,4.0,2.02,3.47,3.89,2.1,1.72,2.16,1.76,2.18,1.8,2.1,1.75,-0.5,2.02,1.88,2.05,1.88,2.05,1.91,2.02,1.86,2.15,3.3,3.5,2.2,3.25,3.4,2.2,3.3,3.45,2.15,3.3,3.4,2.2,3.3,3.6,2.3,3.5,3.76,2.2,3.35,3.53,2.1,1.72,2.21,1.74,2.35,1.79,2.14,1.73,-0.25,1.87,2.03,1.89,2.04,1.94,2.08,1.87,2.0,2023,Remo Freuler,Emmanuel Dennis,Kieffer Moore,Marcos Senesi,-1,2,0.0,3.0,,11.0,,2.2,,1.0,,0.0,,0.0,,0.0,,0.0,,11.2,,10.6,,0.4,,3.2,,5.2,,16.8,,1.8,,6.2,,2.4,,6.6,,8.4,,24.2,,470.8,,770.4,,9.0,,7.6,,19.2,,14.0,,23.4,,9.8,,0.6,,3.0,,60.2,,64.8,,0.8
1581,8,Fri,2022-09-16,20:00,Nott'm Forest,1.4,0.9,Fulham,"28,654",The City Ground,Jarred Gillett,/en/matches/d0d07e66/Nottingham-Forest-Fulham-September-16-2022-Premier-League,2,3,3-4-1-2,4-2-3-1,11.0,10.0,2.0,10.0,14.0,22.0,522.0,700.0,10.0,12.0,8.0,6.0,18.0,15.0,25.0,15.0,2.0,1.0,6.0,7.0,19.0,14.0,69.0,71.0,2.0,0.0,0.0,4.0,0.0,0.0,Dean Henderson,Steve Cook,Neco Williams,Taiwo Awoniyi,Morgan Gibbs-White,Brennan Johnson,Ryan Yates,Remo Freuler,Scott McKenna,Willy Boly,Renan Lodi,Wayne Hennessey,Giulian Biancone,Joe Worrall,Jesse Lingard,Lewis O'Brien,Harry Toffolo,Bernd Leno,Kenny Tete,Tosin Adarabioyo,Harrison Reed,Aleksandar Mitrović,Tim Ream,Bobby Reid,Andreas Pereira,Willian,João Palhinha,Issa Diop,Marek Rodák,Shane Duffy,Neeskens Kebano,Tom Cairney,Nathaniel Chalobah,Daniel James,E0,16/09/2022,2.0,3.0,A,1.0,0.0,H,J Gillett,11.0,15.0,3.0,7.0,11.0,10.0,2.0,10.0,2.0,4.0,0.0,0.0,2.75,3.3,2.62,2.75,3.4,2.5,2.75,3.35,2.6,,,,2.82,3.43,2.67,2.75,3.4,2.5,2.7,3.3,2.55,,,,,,,,,,,,,,,,,,,2.8,3.49,2.64,2022.0,20:00,2.92,3.54,2.68,2.81,3.4,2.57,1.93,1.97,1.94,1.96,1.93,2.0,1.88,1.94,0.0,2.01,1.89,2.02,1.91,2.03,1.91,2.0,1.86,2.75,3.3,2.6,2.75,3.4,2.5,2.8,3.35,2.55,2.75,3.25,2.55,2.7,3.3,2.5,2.94,3.5,2.68,2.8,3.39,2.58,1.9,2.0,1.92,1.99,1.93,2.03,1.88,1.95,0.0,2.02,1.88,2.02,1.9,2.08,1.9,2.01,1.86,2023,Sam Surridge,Cheikhou Kouyaté,Kevin Mbabu,Carlos Vinícius,-1,2,0.0,3.0,,9.0,,3.0,,2.2,,0.0,,0.0,,0.0,,0.0,,10.8,,8.0,,1.4,,1.4,,11.4,,14.4,,4.2,,5.6,,3.4,,6.0,,16.6,,17.4,,489.4,,659.4,,9.4,,8.0,,19.8,,17.4,,24.4,,12.0,,1.0,,2.8,,59.6,,75.0,,1.4
1596,9,Mon,2022-10-03,20:00,Leicester,1.3,1.1,Nott'm Forest,"32,202",King Power Stadium,Robert Jones,/en/matches/a7976021/Leicester-City-Nottingham-Forest-October-3-2022-Premier-League,4,0,4-1-4-1,4-2-3-1,13.0,12.0,6.0,6.0,17.0,13.0,633.0,587.0,11.0,13.0,14.0,13.0,12.0,11.0,17.0,16.0,3.0,4.0,6.0,8.0,13.0,18.0,41.0,74.0,2.0,0.0,0.0,4.0,0.0,0.0,Danny Ward,James Justin,Wout Faes,Jonny Evans,Harvey Barnes,Youri Tielemans,Jamie Vardy,James Maddison,Kiernan Dewsbury-Hall,Wilfred Ndidi,Timothy Castagne,Daniel Iversen,Marc Albrighton,Kelechi Iheanacho,Ayoze Pérez,Daniel Amartey,Patson Daka,Dean Henderson,Steve Cook,Neco Williams,Taiwo Awoniyi,Morgan Gibbs-White,Jesse Lingard,Lewis O'Brien,Brennan Johnson,Cheikhou Kouyaté,Scott McKenna,Renan Lodi,Wayne Hennessey,Joe Worrall,Orel Mangala,Sam Surridge,Ryan Yates,Remo Freuler,E0,03/10/2022,4.0,0.0,H,3.0,0.0,H,R Jones,17.0,10.0,7.0,3.0,13.0,12.0,6.0,6.0,2.0,4.0,0.0,0.0,1.75,4.0,4.33,1.73,3.9,4.5,1.75,4.0,4.3,,,,1.78,4.2,4.48,1.73,3.9,4.4,1.7,3.8,4.5,,,,,,,,,,,,,,,,,,,1.74,4.15,4.75,2022.0,20:00,1.8,4.2,4.51,1.76,4.05,4.41,1.66,2.2,1.68,2.3,1.72,2.31,1.67,2.22,-0.75,1.98,1.92,1.99,1.93,2.0,1.95,1.96,1.9,1.7,4.0,4.5,1.71,3.9,4.6,1.75,3.85,4.6,1.7,3.8,4.75,1.67,3.8,4.8,1.75,4.2,4.98,1.72,4.07,4.74,1.66,2.2,1.74,2.28,1.76,2.34,1.7,2.18,-0.75,1.93,1.97,1.93,2.0,1.94,2.0,1.9,1.97,2023,Dennis Praet,Luke Thomas,Serge Aurier,Emmanuel Dennis,4,0,3.0,0.0,10.0,,1.6,,2.2,,0.0,,0.0,,0.0,,0.2,,8.4,,11.0,,1.2,,3.2,,13.0,,13.4,,4.8,,6.8,,3.2,,5.4,,15.8,,16.6,,700.2,,601.2,,10.0,,10.2,,16.4,,16.6,,19.6,,14.8,,0.8,,1.8,,58.8,,76.2,,0.0,
1606,10,Mon,2022-10-10,20:00,Nott'm Forest,0.3,0.7,Aston Villa,"29,208",The City Ground,Anthony Taylor,/en/matches/fb99ddf9/Nottingham-Forest-Aston-Villa-October-10-2022-Premier-League,1,1,4-3-3,4-3-3,13.0,19.0,1.0,4.0,12.0,20.0,487.0,663.0,14.0,21.0,7.0,9.0,20.0,9.0,25.0,9.0,0.0,3.0,7.0,3.0,23.0,22.0,64.0,70.0,3.0,0.0,0.0,3.0,0.0,0.0,Dean Henderson,Steve Cook,Morgan Gibbs-White,Harry Toffolo,Brennan Johnson,Cheikhou Kouyaté,Ryan Yates,Remo Freuler,Serge Aurier,Emmanuel Dennis,Scott McKenna,Wayne Hennessey,Joe Worrall,Orel Mangala,Neco Williams,Taiwo Awoniyi,Jesse Lingard,Emiliano Martínez,Matty Cash,Ezri Konsa,Tyrone Mings,Douglas Luiz,John McGinn,Emi Buendía,Ollie Watkins,Ashley Young,Philippe Coutinho,Jacob Ramsey,Robin Olsen,Morgan Sanson,Danny Ings,Calum Chambers,Marvelous Nakamba,Jan Bednarek,E0,10/10/2022,1.0,1.0,D,1.0,1.0,D,A Taylor,6.0,12.0,3.0,2.0,13.0,19.0,1.0,4.0,3.0,3.0,0.0,0.0,3.3,3.4,2.2,3.25,3.4,2.2,3.3,3.4,2.2,,,,3.4,3.6,2.22,3.4,3.3,2.15,3.4,3.25,2.15,,,,,,,,,,,,,,,,,,,3.79,3.64,2.03,2022.0,20:00,3.48,3.65,2.25,3.35,3.49,2.19,2.03,1.87,2.04,1.87,2.06,1.89,2.01,1.83,0.25,2.01,1.89,2.01,1.92,2.04,1.92,1.99,1.88,3.6,3.6,2.0,3.7,3.5,2.0,3.7,3.55,2.0,3.9,3.4,1.95,3.6,3.4,2.0,3.97,3.76,2.05,3.77,3.6,2.02,1.94,1.96,1.92,1.99,1.96,2.03,1.9,1.94,0.5,1.89,2.01,1.89,2.03,1.9,2.08,1.85,2.03,2023,Lewis O'Brien,Sam Surridge,Leander Dendoncker,Cameron Archer,0,1,1.0,1.0,,9.0,,2.4,,1.6,,0.0,,0.0,,0.0,,0.2,,11.2,,12.4,,0.6,,0.8,,9.2,,11.6,,3.4,,3.4,,4.2,,4.2,,18.2,,15.6,,574.0,,642.8,,8.8,,9.4,,19.8,,15.2,,17.2,,19.6,,2.2,,1.0,,71.6,,68.4,,1.0
1610,11,Sat,2022-10-15,15:00,Wolves,1.3,1.5,Nott'm Forest,"31,554",Molineux Stadium,Thomas Bramall,/en/matches/c9f8e7e9/Wolverhampton-Wanderers-Nottingham-Forest-October-15-2022-Premier-League,1,0,4-2-3-1,4-3-3,17.0,13.0,4.0,5.0,22.0,15.0,587.0,447.0,17.0,16.0,5.0,7.0,9.0,17.0,22.0,22.0,2.0,1.0,10.0,8.0,19.0,19.0,54.0,72.0,2.0,0.0,0.0,2.0,0.0,0.0,José Sá,Rayan Aït Nouri,Rúben Neves,Daniel Podence,Jonny Castro,Max Kilman,Toti Gomes,Matheus Nunes,João Moutinho,Diego Costa,Adama Traoré,Matija Šarkić,Boubacar Traoré,Hwang Hee-chan,Yerson Mosquera,Gonçalo Guedes,Nélson Semedo,Dean Henderson,Steve Cook,Neco Williams,Morgan Gibbs-White,Harry Toffolo,Brennan Johnson,Cheikhou Kouyaté,Ryan Yates,Remo Freuler,Emmanuel Dennis,Scott McKenna,Wayne Hennessey,Giulian Biancone,Joe Worrall,Orel Mangala,Taiwo Awoniyi,Jesse Lingard,E0,15/10/2022,1.0,0.0,H,0.0,0.0,D,T Bramall,9.0,10.0,2.0,2.0,17.0,13.0,4.0,5.0,2.0,2.0,0.0,0.0,1.7,3.75,5.0,1.68,3.8,5.0,1.73,3.75,4.9,,,,1.74,3.78,5.41,1.7,3.7,5.0,1.67,3.6,5.25,,,,,,,,,,,,,,,,,,,1.76,3.91,5.02,2022.0,15:00,1.78,3.9,5.5,1.72,3.81,5.13,2.06,1.84,2.09,1.83,2.09,1.88,2.02,1.82,-0.75,1.94,1.96,1.97,1.95,1.97,2.0,1.93,1.94,1.7,3.75,5.0,1.73,3.75,4.75,1.75,3.65,4.8,1.7,3.7,5.0,1.7,3.6,5.0,1.78,3.91,5.4,1.73,3.81,5.02,1.99,1.91,2.0,1.9,2.13,1.94,1.99,1.85,-0.75,1.96,1.94,1.99,1.93,1.99,1.97,1.94,1.93,2023,Joseph Hodge,Hugo Bueno,Sam Surridge,Loïc Bade,1,0,3.0,0.0,9.0,,1.8,,1.8,,0.2,,0.0,,0.0,,0.0,,8.6,,10.2,,0.2,,1.6,,10.6,,14.2,,2.6,,4.4,,4.6,,4.0,,19.4,,13.8,,643.0,,608.0,,7.6,,9.8,,16.8,,22.2,,14.8,,20.0,,1.0,,1.2,,66.0,,56.4,,0.8,
1617,12,Tue,2022-10-18,19:30,Brighton,1.7,0.1,Nott'm Forest,"31,463",The American Express Community Stadium,Darren England,/en/matches/4f876daa/Brighton-and-Hove-Albion-Nottingham-Forest-October-18-2022-Premier-League,0,0,3-4-3,4-3-3,10.0,14.0,9.0,1.0,27.0,7.0,782.0,404.0,11.0,13.0,7.0,9.0,16.0,15.0,9.0,23.0,1.0,0.0,6.0,13.0,28.0,20.0,76.0,52.0,3.0,0.0,0.0,1.0,0.0,0.0,Robert Sánchez,Adam Webster,Lewis Dunk,Solly March,Alexis Mac Allister,Leandro Trossard,Pascal Groß,Adam Lallana,Danny Welbeck,Moisés Caicedo,Joël Veltman,Jason Steele,Tariq Lamptey,Jeremy Sarmiento,Julio César Enciso,Deniz Undav,Billy Gilmour,Dean Henderson,Steve Cook,Orel Mangala,Neco Williams,Morgan Gibbs-White,Jesse Lingard,Brennan Johnson,Ryan Yates,Remo Freuler,Serge Aurier,Scott McKenna,Wayne Hennessey,Giulian Biancone,Joe Worrall,Taiwo Awoniyi,Harry Toffolo,Sam Surridge,E0,18/10/2022,0.0,0.0,D,0.0,0.0,D,D England,19.0,3.0,7.0,0.0,10.0,14.0,9.0,1.0,3.0,1.0,0.0,0.0,1.4,4.75,7.0,1.41,4.75,7.5,1.45,4.7,6.75,,,,1.39,5.17,8.97,1.4,4.5,8.0,1.36,4.6,8.5,,,,,,,,,,,,,,,,,,,1.41,5.08,8.53,2022.0,19:30,1.45,5.2,9.0,1.4,4.91,8.19,1.72,2.1,1.76,2.17,1.82,2.17,1.76,2.09,-1.25,1.91,1.99,1.93,1.99,1.96,2.0,1.92,1.96,1.36,5.0,7.5,1.39,5.0,7.75,1.43,4.8,7.0,1.36,4.8,8.5,1.36,4.6,8.5,1.43,5.26,9.0,1.39,4.99,8.28,1.72,2.1,1.76,2.17,1.78,2.23,1.74,2.13,-1.25,1.91,1.99,1.93,2.0,1.93,2.03,1.88,1.99,2023,Jan Paul van Hecke,Pervis Estupiñán,Cheikhou Kouyaté,Emmanuel Dennis,0,1,1.0,1.0,10.0,,1.0,,1.8,,0.0,,0.0,,0.0,,0.0,,10.8,,10.4,,1.8,,2.0,,14.2,,9.2,,6.4,,4.0,,6.4,,3.4,,21.0,,11.4,,716.2,,563.4,,11.0,,10.0,,21.0,,16.0,,12.0,,24.0,,1.8,,1.4,,70.2,,60.2,,0.8,
1626,13,Sat,2022-10-22,12:30,Nott'm Forest,1.9,1.6,Liverpool,"29,245",The City Ground,Paul Tierney,/en/matches/f92b67c2/Nottingham-Forest-Liverpool-October-22-2022-Premier-League,1,0,4-3-3,4-4-2,14.0,8.0,2.0,11.0,8.0,30.0,397.0,862.0,19.0,14.0,8.0,4.0,11.0,11.0,40.0,7.0,3.0,0.0,11.0,1.0,13.0,30.0,54.0,81.0,2.0,0.0,0.0,1.0,0.0,0.0,Dean Henderson,Steve Cook,Neco Williams,Taiwo Awoniyi,Morgan Gibbs-White,Jesse Lingard,Cheikhou Kouyaté,Ryan Yates,Remo Freuler,Serge Aurier,Scott McKenna,Wayne Hennessey,Giulian Biancone,Joe Worrall,Orel Mangala,Sam Surridge,Brennan Johnson,Alisson,Joe Gomez,Fabinho,Virgil van Dijk,James Milner,Roberto Firmino,Mohamed Salah,Curtis Jones,Harvey Elliott,Andrew Robertson,Fabio Carvalho,Adrián,Caoimhín Kelleher,Jordan Henderson,Alex Oxlade-Chamberlain,Kostas Tsimikas,Bobby Clark,E0,22/10/2022,1.0,0.0,H,0.0,0.0,D,P Tierney,10.0,15.0,7.0,7.0,14.0,8.0,2.0,11.0,2.0,1.0,0.0,0.0,11.0,6.0,1.25,11.0,6.25,1.26,11.0,6.25,1.27,,,,11.14,5.8,1.3,11.0,5.8,1.25,11.5,6.0,1.22,,,,,,,,,,,,,,,,,,,9.5,5.5,1.36,2022.0,12:30,12.0,6.73,1.3,11.31,6.19,1.26,1.5,2.62,1.54,2.59,1.54,2.75,1.5,2.61,1.75,1.93,1.97,1.87,2.04,1.95,2.05,1.9,1.96,7.5,5.75,1.33,8.75,5.25,1.33,7.5,5.5,1.35,8.5,5.25,1.33,9.5,5.0,1.3,10.0,5.8,1.37,8.89,5.44,1.35,1.57,2.37,1.63,2.47,1.64,2.53,1.59,2.37,1.5,1.9,2.0,1.88,2.03,1.93,2.06,1.88,1.99,2023,Emmanuel Dennis,Willy Boly,Stefan Bajcetic,Nathaniel Phillips,1,0,3.0,0.0,,6.0,,1.6,,1.0,,0.0,,0.0,,0.0,,0.0,,10.0,,9.2,,1.4,,1.2,,16.2,,11.0,,5.4,,5.0,,6.8,,4.4,,18.6,,15.2,,663.2,,633.0,,9.6,,9.0,,16.0,,18.6,,19.0,,24.8,,2.6,,1.2,,74.4,,75.0,,1.6
1644,14,Sun,2022-10-30,14:00,Arsenal,2.3,0.4,Nott'm Forest,"60,263",Emirates Stadium,Simon Hooper,/en/matches/1b496cc1/Arsenal-Nottingham-Forest-October-30-2022-Premier-League,5,0,4-3-3,4-3-3,9.0,8.0,9.0,4.0,23.0,11.0,763.0,429.0,14.0,25.0,7.0,5.0,10.0,13.0,11.0,30.0,1.0,2.0,4.0,11.0,18.0,14.0,45.0,63.0,0.0,0.0,0.0,1.0,0.0,0.0,Aaron Ramsdale,Ben White,Thomas Partey,Gabriel Dos Santos,Bukayo Saka,Martin Ødegaard,Gabriel Jesus,Gabriel Martinelli,William Saliba,Takehiro Tomiyasu,Granit Xhaka,Karl Jakob Hein,Kieran Tierney,Eddie Nketiah,Rob Holding,Cédric Soares,Fabio Vieira,Dean Henderson,Steve Cook,Taiwo Awoniyi,Morgan Gibbs-White,Jesse Lingard,Cheikhou Kouyaté,Ryan Yates,Remo Freuler,Serge Aurier,Scott McKenna,Renan Lodi,Wayne Hennessey,Joe Worrall,Orel Mangala,Neco Williams,Lewis O'Brien,Sam Surridge,E0,30/10/2022,5.0,0.0,H,1.0,0.0,H,S Hooper,24.0,5.0,10.0,2.0,9.0,8.0,9.0,4.0,0.0,1.0,0.0,0.0,1.2,7.0,12.0,1.2,6.75,14.5,1.2,6.75,13.0,,,,1.2,7.4,16.85,1.2,6.5,15.0,1.18,6.5,15.0,,,,,,,,,,,,,,,,,,,1.22,7.25,13.5,2022.0,14:00,1.24,7.5,17.0,1.2,6.96,14.82,1.5,2.62,1.51,2.68,1.53,2.68,1.5,2.57,-2.0,2.04,1.86,2.02,1.89,2.06,1.89,2.01,1.85,1.22,6.5,13.0,1.22,6.75,12.5,1.25,6.25,12.0,1.22,6.0,13.0,1.18,6.5,15.0,1.25,7.4,16.0,1.22,6.73,13.37,1.53,2.5,1.55,2.56,1.58,2.66,1.53,2.49,-1.75,1.84,2.06,1.85,2.06,1.87,2.11,1.84,2.04,2023,Albert Sambi Lokonga,Reiss Nelson,Brennan Johnson,Emmanuel Dennis,5,0,3.0,0.0,11.0,,1.6,,1.0,,0.0,,0.2,,0.0,,0.0,,10.0,,10.4,,2.2,,0.8,,13.4,,9.2,,6.0,,3.0,,3.8,,4.6,,12.6,,16.0,,666.0,,524.4,,7.4,,8.2,,15.0,,19.6,,22.8,,16.8,,1.6,,4.0,,62.2,,65.6,,2.6,
1646,15,Sat,2022-11-05,15:00,Nott'm Forest,1.5,1.5,Brentford,"28,869",The City Ground,Andre Marriner,/en/matches/12251835/Nottingham-Forest-Brentford-November-5-2022-Premier-League,2,2,4-3-1-2,4-3-3,10.0,11.0,3.0,3.0,25.0,17.0,578.0,628.0,18.0,12.0,5.0,4.0,16.0,14.0,20.0,34.0,0.0,2.0,7.0,12.0,30.0,23.0,97.0,87.0,2.0,0.0,0.0,2.0,0.0,0.0,Dean Henderson,Steve Cook,Neco Williams,Morgan Gibbs-White,Brennan Johnson,Cheikhou Kouyaté,Ryan Yates,Remo Freuler,Serge Aurier,Emmanuel Dennis,Scott McKenna,Wayne Hennessey,Joe Worrall,Orel Mangala,Taiwo Awoniyi,Jesse Lingard,Lewis O'Brien,David Raya,Rico Henry,Ethan Pinnock,Mathias Jensen,Josh Dasilva,Yoane Wissa,Ben Mee,Bryan Mbeumo,Keane Lewis-Potter,Vitaly Janelt,Mads Roerslev,Matthew Cox,Sergi Canós,Mathias Jørgensen,Saman Ghoddos,Frank Onyeka,Mikkel Damsgaard,E0,05/11/2022,2.0,2.0,D,1.0,1.0,D,A Marriner,15.0,6.0,7.0,2.0,10.0,11.0,3.0,3.0,2.0,2.0,0.0,0.0,2.75,3.3,2.6,2.75,3.4,2.5,2.75,3.35,2.6,,,,2.83,3.43,2.66,2.8,3.3,2.5,2.7,3.25,2.55,,,,,,,,,,,,,,,,,,,2.7,3.24,2.92,2022.0,15:00,2.86,3.54,2.72,2.78,3.39,2.59,2.03,1.87,2.05,1.86,2.06,1.92,1.99,1.84,0.0,2.02,1.88,2.03,1.9,2.04,1.91,1.99,1.87,2.62,3.2,2.8,2.65,3.1,2.75,2.6,3.2,2.9,2.55,3.1,2.88,2.55,3.1,2.8,2.78,3.34,2.98,2.64,3.21,2.87,2.2,1.66,2.27,1.7,2.33,1.84,2.22,1.68,0.0,1.87,2.03,1.88,2.04,1.9,2.1,1.84,2.02,2023,Sam Surridge,Willy Boly,Tristan Crama,Ryan Trevitt,0,1,1.0,1.0,,9.0,,1.4,,1.0,,0.0,,0.2,,0.0,,0.0,,9.8,,13.4,,0.8,,2.0,,9.0,,16.8,,3.4,,6.6,,4.4,,7.0,,17.2,,19.6,,495.6,,618.0,,9.6,,7.8,,15.6,,18.8,,20.8,,20.8,,1.2,,1.0,,70.0,,62.4,,1.0
1661,16,Sat,2022-11-12,15:00,Nott'm Forest,1.1,1.2,Crystal Palace,"29,045",The City Ground,John Brooks,/en/matches/ee827a60/Nottingham-Forest-Crystal-Palace-November-12-2022-Premier-League,1,0,4-3-3,4-3-3,11.0,13.0,1.0,5.0,15.0,19.0,420.0,756.0,21.0,11.0,11.0,10.0,9.0,14.0,26.0,15.0,3.0,0.0,7.0,10.0,21.0,23.0,55.0,63.0,1.0,0.0,0.0,4.0,0.0,0.0,Dean Henderson,Joe Worrall,Morgan Gibbs-White,Jesse Lingard,Brennan Johnson,Cheikhou Kouyaté,Ryan Yates,Remo Freuler,Serge Aurier,Willy Boly,Renan Lodi,Wayne Hennessey,Steve Cook,Neco Williams,Jack Colback,Taiwo Awoniyi,Lewis O'Brien,Vicente Guaita,Tyrick Mitchell,Marc Guéhi,Michael Olise,Jordan Ayew,Eberechi Eze,Wilfried Zaha,Jeffrey Schlupp,Joachim Andersen,Nathaniel Clyne,Cheick Doucouré,Sam Johnstone,Joel Ward,Luka Milivojević,James Tomkins,Jean-Philippe Mateta,Will Hughes,E0,12/11/2022,1.0,0.0,H,0.0,0.0,D,J Brooks,9.0,8.0,2.0,0.0,11.0,13.0,1.0,5.0,1.0,4.0,0.0,0.0,3.1,3.1,2.45,3.0,3.2,2.4,3.05,3.15,2.45,,,,3.25,3.31,2.43,3.1,3.2,2.38,3.1,3.13,2.38,,,,,,,,,,,,,,,,,,,3.34,3.2,2.44,2022.0,15:00,3.27,3.42,2.5,3.12,3.24,2.43,2.2,1.66,2.24,1.71,2.25,1.76,2.18,1.69,0.25,1.83,2.07,1.86,2.07,1.86,2.11,1.82,2.05,3.3,3.1,2.3,3.25,3.1,2.3,3.3,3.15,2.3,3.3,3.1,2.3,3.3,3.1,2.25,3.46,3.4,2.44,3.34,3.18,2.34,2.3,1.61,2.34,1.66,2.36,1.73,2.29,1.64,0.25,1.91,1.99,1.87,2.07,1.93,2.07,1.87,2.0,2023,Sam Surridge,Scott McKenna,Odsonne Édouard,Malcolm Ebiowei,1,0,3.0,0.0,,11.0,,2.6,,2.0,,0.0,,0.0,,0.0,,0.0,,12.2,,14.8,,1.0,,1.0,,11.6,,10.4,,3.2,,4.2,,4.6,,4.0,,13.2,,15.8,,629.6,,616.6,,5.6,,8.4,,18.4,,23.2,,19.6,,17.2,,1.6,,2.8,,64.2,,58.2,,2.0
1674,17,Tue,2022-12-27,20:00,Chelsea,2.4,0.7,Nott'm Forest,"73,608",Old Trafford,Anthony Taylor,/en/matches/b860f634/Manchester-United-Nottingham-Forest-December-27-2022-Premier-League,3,0,4-2-3-1,4-3-3,13.0,4.0,9.0,9.0,16.0,24.0,795.0,481.0,18.0,17.0,14.0,8.0,7.0,6.0,25.0,23.0,1.0,2.0,5.0,7.0,15.0,23.0,56.0,60.0,3.0,0.0,0.0,1.0,0.0,0.0,David de Gea,Bruno Fernandes,Anthony Martial,Marcus Rashford,Tyrell Malacia,Christian Eriksen,Casemiro,Raphaël Varane,Antony,Luke Shaw,Aaron Wan-Bissaka,Tom Heaton,Harry Maguire,Fred,Brandon Williams,Donny van de Beek,Anthony Elanga,Wayne Hennessey,Joe Worrall,Orel Mangala,Taiwo Awoniyi,Jesse Lingard,Brennan Johnson,Ryan Yates,Remo Freuler,Serge Aurier,Willy Boly,Renan Lodi,Jordan Smith,Steve Cook,Neco Williams,Jack Colback,Lewis O'Brien,Harry Toffolo,E0,13/05/2023,2.0,2.0,D,0.0,1.0,A,P Tierney,14.0,11.0,6.0,2.0,13.0,15.0,2.0,5.0,3.0,1.0,0.0,0.0,1.5,4.5,6.0,1.5,4.33,6.25,1.53,4.4,6.0,,,,1.51,4.47,6.88,1.5,4.2,6.5,1.45,4.2,7.0,,,,,,,,,,,,,,,,,,,1.57,4.38,5.75,2022.0,15:00,1.55,4.6,7.1,1.51,4.4,6.68,1.86,2.04,1.87,2.03,1.9,2.07,1.84,1.99,-1.0,1.85,2.05,1.87,2.05,1.88,2.08,1.84,2.02,1.57,4.2,5.25,1.55,4.2,5.75,1.53,4.3,5.75,1.55,4.0,6.0,1.53,4.1,6.5,1.62,4.6,6.6,1.56,4.3,6.06,1.8,2.0,1.85,2.06,1.87,2.13,1.8,2.04,-1.0,2.07,1.83,1.96,1.96,2.07,2.03,1.93,1.93,2023,Alejandro Garnacho,Zidane Iqbal,Sam Surridge,Emmanuel Dennis,3,0,3.0,0.0,0.0,,2.2,,2.0,,0.0,,0.0,,0.0,,0.0,,12.0,,10.4,,1.0,,1.2,,10.6,,11.8,,4.4,,3.8,,4.2,,6.4,,16.8,,20.2,,623.0,,578.4,,9.0,,10.0,,18.2,,18.2,,22.0,,18.2,,2.2,,0.8,,66.6,,62.0,,1.2,
1685,18,Sun,2023-01-01,16:30,Nott'm Forest,1.4,0.9,Chelsea,"29,229",The City Ground,Peter Bankes,/en/matches/c31cf944/Nottingham-Forest-Chelsea-January-1-2023-Premier-League,1,1,4-3-3,4-3-3,16.0,14.0,1.0,2.0,12.0,10.0,401.0,829.0,18.0,16.0,11.0,3.0,6.0,7.0,15.0,20.0,2.0,2.0,4.0,6.0,21.0,20.0,52.0,46.0,2.0,0.0,0.0,2.0,0.0,0.0,Dean Henderson,Joe Worrall,Orel Mangala,Taiwo Awoniyi,Morgan Gibbs-White,Brennan Johnson,Ryan Yates,Remo Freuler,Serge Aurier,Willy Boly,Renan Lodi,Wayne Hennessey,Steve Cook,Neco Williams,Jack Colback,Lewis O'Brien,Harry Toffolo,Kepa Arrizabalaga,Jorginho,Thiago Silva,Christian Pulisic,Raheem Sterling,Mason Mount,Denis Zakaria,Kalidou Koulibaly,César Azpilicueta,Kai Havertz,Marc Cucurella,Marcus Bettinelli,Mateo Kovačić,Pierre-Emerick Aubameyang,Trevoh Chalobah,Hakim Ziyech,Conor Gallagher,E0,01/01/2023,1.0,1.0,D,0.0,1.0,A,P Bankes,12.0,7.0,5.0,2.0,16.0,14.0,1.0,2.0,2.0,2.0,0.0,0.0,5.0,3.8,1.7,5.0,3.8,1.68,5.0,3.8,1.7,,,,5.43,3.98,1.7,5.0,3.7,1.7,5.25,3.7,1.65,,,,,,,,,,,,,,,,,,,5.8,4.2,1.63,2022.0,16:30,5.5,4.0,1.74,5.21,3.88,1.69,2.02,1.91,2.02,1.89,2.05,1.92,1.96,1.85,0.75,2.02,1.91,2.03,1.9,2.03,1.92,1.98,1.88,5.5,4.0,1.62,5.5,4.0,1.6,5.5,4.0,1.6,6.0,3.9,1.57,5.75,3.9,1.57,6.23,4.2,1.65,5.77,4.08,1.61,1.91,1.99,1.91,2.0,1.96,2.03,1.89,1.94,1.0,1.86,2.07,1.84,2.08,1.9,2.1,1.83,2.06,2023,Sam Surridge,Emmanuel Dennis,Carney Chukwuemeka,Omari Hutchinson,0,1,1.0,1.0,,0.0,,1.8,,1.4,,0.0,,0.0,,0.0,,0.0,,10.6,,9.6,,1.6,,0.4,,13.4,,9.4,,4.8,,3.2,,5.2,,7.8,,15.0,,22.8,,676.8,,553.6,,11.2,,9.6,,17.4,,18.2,,26.8,,15.0,,1.6,,1.4,,60.2,,59.6,,2.4
1691,19,Wed,2023-01-04,19:30,Southampton,0.5,1.4,Nott'm Forest,"30,150",St. Mary's Stadium,Thomas Bramall,/en/matches/cc17c735/Southampton-Nottingham-Forest-January-4-2023-Premier-League,0,1,3-1-4-2,4-3-1-2,14.0,17.0,6.0,2.0,24.0,11.0,628.0,449.0,14.0,22.0,9.0,10.0,25.0,30.0,18.0,33.0,1.0,0.0,6.0,11.0,29.0,15.0,87.0,58.0,2.0,0.0,0.0,2.0,0.0,0.0,Gavin Bazunu,Kyle Walker-Peters,Lyanco,James Ward-Prowse,Che Adams,Romain Perraud,Sekou Mara,Mohammed Salisu,Mohamed Elyounoussi,Armel Bella Kotchap,Roméo Lavia,Willy Caballero,Ainsley Maitland-Niles,Duje Ćaleta-Car,Joe Aribo,Adam Armstrong,Stuart Armstrong,Dean Henderson,Joe Worrall,Orel Mangala,Taiwo Awoniyi,Morgan Gibbs-White,Brennan Johnson,Ryan Yates,Remo Freuler,Serge Aurier,Willy Boly,Renan Lodi,Wayne Hennessey,Steve Cook,Neco Williams,Jack Colback,Harry Toffolo,Sam Surridge,E0,04/01/2023,0.0,1.0,A,0.0,1.0,A,T Bramall,8.0,11.0,0.0,1.0,14.0,17.0,6.0,2.0,2.0,2.0,0.0,0.0,2.0,3.5,3.8,1.98,3.4,3.8,2.05,3.45,3.75,,,,2.1,3.52,3.82,2.05,3.3,3.75,2.0,3.3,3.8,,,,,,,,,,,,,,,,,,,2.43,3.37,3.19,2022.0,19:30,2.12,3.6,4.2,2.03,3.46,3.82,2.06,1.84,2.06,1.85,2.19,1.88,2.02,1.8,-0.5,2.04,1.86,2.1,1.84,2.12,1.91,2.03,1.84,2.3,3.3,3.2,2.25,3.25,3.2,2.35,3.25,3.15,2.35,3.2,3.1,2.3,3.2,3.13,2.45,3.39,3.3,2.36,3.29,3.17,2.1,1.73,2.19,1.75,2.21,1.81,2.13,1.72,-0.25,2.04,1.89,2.08,1.88,2.12,1.93,2.04,1.85,2023,Moussa Djenepo,Samuel Edozie,Emmanuel Dennis,Scott McKenna,-1,2,0.0,3.0,8.0,,1.6,,1.0,,0.0,,0.0,,0.0,,0.0,,9.8,,9.8,,0.8,,2.6,,12.4,,9.8,,4.2,,4.0,,4.0,,4.4,,17.8,,14.2,,580.8,,694.4,,11.2,,6.6,,18.8,,18.0,,18.0,,21.6,,1.8,,1.6,,70.8,,73.6,,0.0,
1701,20,Sat,2023-01-14,15:00,Nott'm Forest,2.4,1.0,Leicester,"29,301",The City Ground,Paul Tierney,/en/matches/95d3b457/Nottingham-Forest-Leicester-City-January-14-2023-Premier-League,2,0,4-3-1-2,4-2-3-1,11.0,12.0,3.0,5.0,19.0,26.0,508.0,705.0,14.0,12.0,9.0,5.0,13.0,11.0,31.0,16.0,2.0,1.0,5.0,9.0,15.0,26.0,65.0,60.0,1.0,0.0,0.0,2.0,0.0,0.0,Dean Henderson,Joe Worrall,Orel Mangala,Morgan Gibbs-White,Brennan Johnson,Ryan Yates,Remo Freuler,Serge Aurier,Scott McKenna,Gustavo Scarpa,Renan Lodi,Wayne Hennessey,Steve Cook,Neco Williams,Jack Colback,Lewis O'Brien,Harry Toffolo,Danny Ward,Wout Faes,Harvey Barnes,Youri Tielemans,Jamie Vardy,Marc Albrighton,Daniel Amartey,Nampalys Mendy,Wilfred Ndidi,Timothy Castagne,Luke Thomas,Daniel Iversen,Çağlar Söyüncü,Kelechi Iheanacho,Patson Daka,Jannik Vestergaard,Dennis Praet,E0,14/01/2023,2.0,0.0,H,0.0,0.0,D,P Tierney,15.0,6.0,5.0,1.0,11.0,12.0,3.0,5.0,1.0,2.0,0.0,0.0,2.7,3.3,2.63,2.7,3.4,2.5,2.7,3.3,2.65,,,,2.74,3.46,2.72,2.62,3.3,2.62,2.63,3.25,2.63,,,,,,,,,,,,,,,,,,,2.8,3.2,2.84,2022.0,15:00,2.8,3.55,2.75,2.72,3.4,2.65,2.03,1.87,2.04,1.88,2.05,1.9,1.99,1.85,0.0,1.98,1.95,1.97,1.95,1.99,1.95,1.95,1.92,2.63,3.2,2.8,2.65,3.1,2.8,2.7,3.1,2.75,2.7,3.0,2.8,2.63,3.0,2.75,2.83,3.35,2.89,2.72,3.15,2.8,2.3,1.62,2.32,1.67,2.4,1.73,2.29,1.64,0.0,1.94,1.99,1.94,1.98,1.96,2.02,1.9,1.97,2023,Sam Surridge,Alex Mighten,Lewis Brunt,Sammy Braybrooke,2,0,3.0,0.0,,9.0,,0.8,,1.8,,0.0,,0.0,,0.0,,0.0,,9.8,,8.6,,1.0,,1.2,,12.2,,14.8,,4.8,,4.0,,4.2,,5.4,,14.4,,19.2,,673.4,,620.2,,13.0,,11.2,,17.4,,15.0,,20.0,,18.8,,1.8,,1.2,,56.6,,76.0,,1.2
1710,21,Sat,2023-01-21,15:00,Bournemouth,1.4,1.9,Nott'm Forest,"10,248",Vitality Stadium,Andy Madley,/en/matches/38c715b4/Bournemouth-Nottingham-Forest-January-21-2023-Premier-League,1,1,4-4-2,4-3-1-2,10.0,7.0,4.0,6.0,12.0,29.0,529.0,671.0,11.0,21.0,9.0,11.0,20.0,18.0,30.0,21.0,2.0,2.0,11.0,8.0,19.0,18.0,70.0,68.0,1.0,0.0,0.0,2.0,0.0,0.0,Neto,Jack Stephens,Lloyd Kelly,Jefferson Lerma,Ryan Christie,Dango Ouattara,Joe Rothwell,Adam Smith,Kieffer Moore,Jaidon Anthony,Jordan Zemura,Mark Travers,Chris Mepham,Jack Stacey,Siriki Dembélé,Ben Pearson,Marcos Senesi,Wayne Hennessey,Joe Worrall,Orel Mangala,Morgan Gibbs-White,Brennan Johnson,Ryan Yates,Remo Freuler,Serge Aurier,Willy Boly,Renan Lodi,Chris Wood,Jordan Smith,Steve Cook,Neco Williams,Jack Colback,Jesse Lingard,Sam Surridge,E0,21/01/2023,1.0,1.0,D,1.0,0.0,H,A Madley,16.0,20.0,4.0,5.0,10.0,7.0,4.0,6.0,1.0,2.0,0.0,0.0,2.75,3.1,2.75,2.7,3.2,2.65,2.75,3.15,2.7,,,,2.86,3.15,2.82,2.7,3.1,2.7,2.7,3.0,2.7,,,,,,,,,,,,,,,,,,,2.93,3.22,2.71,2022.0,15:00,2.86,3.35,2.88,2.76,3.18,2.76,2.3,1.62,2.41,1.63,2.42,1.72,2.28,1.65,0.0,1.95,1.95,1.98,1.94,1.98,1.99,1.92,1.94,2.75,3.1,2.63,2.75,3.1,2.6,2.75,3.15,2.65,2.8,3.1,2.6,2.75,3.1,2.6,3.03,3.3,2.79,2.86,3.18,2.66,2.2,1.67,2.28,1.69,2.38,1.74,2.23,1.67,0.0,2.01,1.92,2.04,1.88,2.06,1.95,2.0,1.87,2023,Euan Pollock,Dominic Sadi,Scott McKenna,Danilo,0,1,1.0,1.0,6.0,,2.0,,0.4,,0.0,,0.0,,0.0,,0.0,,11.0,,9.0,,0.6,,1.8,,9.4,,14.4,,4.2,,4.6,,4.2,,5.8,,16.6,,18.8,,551.8,,644.4,,8.2,,8.2,,17.2,,21.2,,22.8,,18.4,,1.0,,1.4,,56.8,,67.4,,0.6,
1727,22,Sun,2023-02-05,14:00,Nott'm Forest,0.4,0.9,Leeds,"29,363",The City Ground,Robert Jones,/en/matches/7c47cb5e/Nottingham-Forest-Leeds-United-February-5-2023-Premier-League,1,0,4-3-1-2,4-2-3-1,15.0,14.0,0.0,2.0,8.0,17.0,442.0,758.0,26.0,19.0,15.0,2.0,28.0,30.0,27.0,9.0,2.0,3.0,12.0,3.0,20.0,38.0,87.0,79.0,4.0,0.0,0.0,2.0,0.0,0.0,Keylor Navas,Orel Mangala,Neco Williams,Morgan Gibbs-White,Brennan Johnson,Remo Freuler,Scott McKenna,Danilo,Willy Boly,Renan Lodi,Chris Wood,Wayne Hennessey,Joe Worrall,Jack Colback,Jesse Lingard,Sam Surridge,Serge Aurier,Illan Meslier,Luke Ayling,Liam Cooper,Marc Roca,Patrick Bamford,Jack Harrison,Tyler Adams,Pascal Struijk,Luis Sinisterra,Degnand Gnonto,Maximilian Wöber,Joel Robles,Junior Firpo,Brenden Aaronson,Crysencio Summerville,Georginio Rutter,Rasmus Nissen,E0,05/02/2023,1.0,0.0,H,1.0,0.0,H,R Jones,6.0,10.0,2.0,4.0,15.0,14.0,0.0,2.0,4.0,2.0,0.0,0.0,2.63,3.3,2.7,2.6,3.3,2.7,2.6,3.35,2.7,,,,2.69,3.46,2.76,2.6,3.4,2.62,2.55,3.3,2.7,,,,,,,,,,,,,,,,,,,2.85,3.46,2.62,2022.0,14:00,2.71,3.6,2.76,2.64,3.43,2.71,1.94,1.96,1.93,1.97,1.97,1.97,1.91,1.93,0.0,1.92,2.01,1.93,1.99,1.94,2.02,1.9,1.97,2.75,3.3,2.6,2.7,3.3,2.55,2.75,3.35,2.6,2.7,3.3,2.6,2.7,3.3,2.5,2.98,3.5,2.7,2.79,3.4,2.59,1.91,1.99,1.94,1.96,1.95,2.03,1.9,1.93,0.0,2.05,1.88,2.05,1.88,2.06,1.91,2.0,1.88,2023,Gustavo Scarpa,André Ayew,Weston McKennie,Sam Greenwood,1,0,3.0,0.0,,8.0,,3.0,,2.2,,0.0,,0.0,,0.0,,0.0,,13.8,,15.0,,0.8,,1.4,,11.2,,14.8,,3.4,,4.2,,5.4,,3.6,,14.2,,14.0,,558.4,,596.4,,9.2,,11.0,,21.6,,18.0,,17.8,,19.0,,1.8,,2.0,,57.4,,73.4,,0.6
1735,23,Sat,2023-02-11,15:00,Fulham,1.5,0.7,Nott'm Forest,"24,244",Craven Cottage,Andy Madley,/en/matches/ee86dc99/Fulham-Nottingham-Forest-February-11-2023-Premier-League,2,0,4-2-3-1,4-2-3-1,9.0,11.0,5.0,4.0,29.0,16.0,547.0,539.0,10.0,10.0,15.0,10.0,18.0,16.0,17.0,20.0,1.0,3.0,8.0,12.0,20.0,24.0,61.0,67.0,0.0,0.0,0.0,1.0,0.0,0.0,Bernd Leno,Kenny Tete,Harrison Reed,Aleksandar Mitrović,Tim Ream,Bobby Reid,Andreas Pereira,Willian,João Palhinha,Issa Diop,Antonee Robinson,Marek Rodák,Tosin Adarabioyo,Shane Duffy,Harry Wilson,Manor Solomon,Cédric Soares,Keylor Navas,Orel Mangala,Morgan Gibbs-White,Brennan Johnson,Remo Freuler,Serge Aurier,Scott McKenna,Willy Boly,Gustavo Scarpa,Renan Lodi,Chris Wood,Wayne Hennessey,Joe Worrall,Jonjo Shelvey,Neco Williams,Jack Colback,Sam Surridge,E0,11/02/2023,2.0,0.0,H,1.0,0.0,H,A Madley,16.0,10.0,3.0,1.0,9.0,11.0,5.0,4.0,0.0,1.0,0.0,0.0,1.91,3.5,4.33,1.88,3.5,4.1,1.9,3.5,4.2,,,,1.94,3.57,4.37,1.91,3.5,4.0,1.85,3.4,4.2,,,,,,,,,,,,,,,,,,,1.97,3.52,4.33,2022.0,15:00,1.98,3.7,4.5,1.93,3.56,4.22,2.1,1.73,2.12,1.79,2.18,1.83,2.06,1.78,-0.5,1.93,2.0,1.94,1.98,1.95,2.03,1.91,1.96,1.91,3.5,4.33,1.95,3.4,4.0,1.95,3.45,4.1,1.91,3.4,4.2,1.9,3.3,4.1,2.0,3.61,4.5,1.94,3.51,4.24,2.08,1.82,2.1,1.81,2.13,1.85,2.06,1.8,-0.5,1.95,1.98,1.97,1.95,2.0,2.0,1.94,1.94,2023,Daniel James,Saša Lukić,Emmanuel Dennis,André Ayew,2,0,3.0,0.0,11.0,,3.6,,2.0,,0.0,,0.2,,0.0,,0.0,,11.8,,12.0,,0.6,,0.6,,8.8,,15.4,,2.8,,5.4,,3.6,,7.4,,20.0,,17.8,,546.2,,690.6,,11.6,,10.4,,15.8,,20.0,,23.8,,19.6,,1.8,,1.6,,68.0,,55.2,,1.4,
1743,24,Sat,2023-02-18,15:00,Nott'm Forest,0.9,2.4,Man City,"29,365",The City Ground,Graham Scott,/en/matches/7f12d9aa/Nottingham-Forest-Manchester-City-February-18-2023-Premier-League,1,1,4-3-2-1,3-2-4-1,8.0,6.0,0.0,10.0,4.0,34.0,385.0,817.0,13.0,10.0,8.0,2.0,13.0,10.0,43.0,5.0,2.0,0.0,15.0,4.0,9.0,27.0,68.0,81.0,1.0,0.0,0.0,0.0,0.0,0.0,Keylor Navas,Joe Worrall,Jonjo Shelvey,Jack Colback,Morgan Gibbs-White,Brennan Johnson,Remo Freuler,Serge Aurier,Danilo,Renan Lodi,Felipe,Wayne Hennessey,Orel Mangala,Neco Williams,Harry Toffolo,Sam Surridge,Emmanuel Dennis,Ederson,Kyle Walker,Rúben Dias,İlkay Gündoğan,Erling Haaland,Jack Grealish,Aymeric Laporte,Rodri,Kevin De Bruyne,Bernardo Silva,Phil Foden,Stefan Ortega,Kalvin Phillips,Nathan Aké,Julián Álvarez,Sergio Gómez,Manuel Akanji,E0,18/02/2023,1.0,1.0,D,0.0,1.0,A,G Scott,4.0,26.0,1.0,6.0,8.0,6.0,0.0,10.0,1.0,0.0,0.0,0.0,8.5,5.5,1.3,10.0,5.5,1.3,9.5,5.75,1.3,,,,10.3,5.67,1.33,10.0,5.5,1.29,10.5,5.25,1.25,,,,,,,,,,,,,,,,,,,10.5,5.4,1.33,2022.0,15:00,11.0,5.9,1.34,10.01,5.62,1.31,1.62,2.3,1.7,2.27,1.7,2.35,1.64,2.28,1.5,1.99,1.91,2.0,1.93,2.02,1.94,1.97,1.9,10.0,5.5,1.29,11.5,5.5,1.26,9.5,4.8,1.35,11.0,5.5,1.27,11.5,5.5,1.22,13.0,6.2,1.35,10.83,5.46,1.31,1.62,2.3,1.61,2.44,1.7,2.47,1.61,2.35,1.75,1.85,2.05,1.93,2.0,1.93,2.1,1.85,2.03,2023,Gustavo Scarpa,André Ayew,Riyad Mahrez,Cole Palmer,0,1,1.0,1.0,,9.0,,2.0,,2.4,,0.0,,0.0,,0.0,,0.2,,12.4,,13.6,,2.6,,1.0,,14.0,,9.4,,6.6,,2.0,,5.8,,3.8,,19.6,,12.4,,660.8,,535.4,,7.0,,10.0,,13.2,,13.0,,12.0,,19.8,,1.2,,1.4,,57.2,,58.4,,2.4
1754,25,Sat,2023-02-25,15:00,West Ham,2.7,0.4,Nott'm Forest,"62,469",London Stadium,Jarred Gillett,/en/matches/767981c6/West-Ham-United-Nottingham-Forest-February-25-2023-Premier-League,4,0,4-3-3,4-3-2-1,8.0,5.0,12.0,3.0,33.0,19.0,569.0,599.0,13.0,15.0,7.0,5.0,25.0,23.0,16.0,27.0,1.0,1.0,8.0,6.0,15.0,20.0,60.0,75.0,0.0,0.0,0.0,0.0,0.0,0.0,Łukasz Fabiański,Ben Johnson,Vladimír Coufal,Lucas Paquetá,Danny Ings,Jarrod Bowen,Angelo Ogbonna,Saïd Benrahma,Nayef Aguerd,Tomáš Souček,Declan Rice,Alphonse Areola,Aaron Cresswell,Gianluca Scamacca,Pablo Fornals,Michail Antonio,Manuel Lanzini,Keylor Navas,Joe Worrall,Jonjo Shelvey,Neco Williams,Jack Colback,Morgan Gibbs-White,Brennan Johnson,Remo Freuler,Renan Lodi,Felipe,Chris Wood,Wayne Hennessey,Orel Mangala,Jesse Lingard,Harry Toffolo,Sam Surridge,Emmanuel Dennis,E0,25/02/2023,4.0,0.0,H,0.0,0.0,D,J Gillett,18.0,8.0,5.0,3.0,8.0,5.0,12.0,3.0,0.0,0.0,0.0,0.0,1.75,3.6,5.0,1.75,3.6,4.8,1.77,3.6,4.8,,,,1.81,3.63,5.16,1.78,3.5,4.8,1.7,3.4,5.0,,,,,,,,,,,,,,,,,,,1.71,3.84,5.6,2022.0,15:00,1.83,3.7,5.2,1.78,3.61,4.97,2.2,1.67,2.23,1.72,2.24,1.76,2.17,1.71,-0.75,2.03,1.9,2.05,1.88,2.06,1.93,2.02,1.87,1.67,3.8,5.5,1.7,3.6,5.25,1.67,3.7,5.25,1.7,3.5,5.25,1.6,3.6,5.5,1.76,3.89,5.8,1.7,3.76,5.42,2.1,1.73,2.14,1.82,2.19,1.82,2.11,1.76,-0.75,1.89,2.04,1.93,2.0,1.95,2.09,1.9,1.98,2023,Flynn Downes,Thilo Kehrer,Danilo,Gustavo Scarpa,4,0,3.0,0.0,7.0,,1.2,,1.2,,0.0,,0.0,,0.0,,0.0,,9.6,,10.8,,0.8,,1.0,,10.6,,11.6,,2.4,,3.6,,4.2,,5.4,,20.6,,21.8,,496.0,,759.8,,12.2,,7.0,,17.6,,17.4,,26.6,,25.4,,1.4,,2.0,,67.0,,62.2,,1.0,
1768,26,Sun,2023-03-05,14:00,Nott'm Forest,0.8,1.7,Everton,"29,353",The City Ground,John Brooks,/en/matches/ec770341/Nottingham-Forest-Everton-March-5-2023-Premier-League,2,2,4-3-2-1,4-5-1,11.0,17.0,3.0,3.0,24.0,14.0,665.0,539.0,24.0,21.0,9.0,13.0,21.0,30.0,19.0,27.0,0.0,0.0,5.0,3.0,30.0,21.0,78.0,89.0,3.0,0.0,0.0,5.0,0.0,0.0,Keylor Navas,Joe Worrall,Jonjo Shelvey,Jack Colback,Morgan Gibbs-White,Brennan Johnson,Remo Freuler,Serge Aurier,Renan Lodi,Felipe,Chris Wood,Wayne Hennessey,Orel Mangala,Neco Williams,Jesse Lingard,Harry Toffolo,Sam Surridge,Jordan Pickford,James Tarkowski,Michael Keane,Dwight McNeil,Amadou Onana,Demarai Gray,Abdoulaye Doucouré,Alex Iwobi,Ben Godfrey,Séamus Coleman,Idrissa Gana Gueye,Asmir Begović,Mason Holgate,Yerry Mina,Neal Maupay,Tom Davies,Rúben Vinagre,E0,05/03/2023,2.0,2.0,D,1.0,2.0,A,J Brooks,10.0,10.0,4.0,3.0,11.0,17.0,3.0,3.0,3.0,5.0,0.0,0.0,2.7,3.0,2.88,2.65,3.0,2.85,2.65,3.05,2.9,,,,2.7,3.11,2.98,2.62,3.0,2.88,2.6,2.9,2.8,,,,,,,,,,,,,,,,,,,3.1,3.1,2.66,2022.0,14:00,2.75,3.26,3.02,2.68,3.08,2.92,2.5,1.53,2.49,1.58,2.55,1.62,2.47,1.54,0.0,1.86,2.04,1.86,2.05,1.89,2.07,1.85,2.02,3.1,3.0,2.55,3.0,2.95,2.6,2.95,3.0,2.65,3.0,3.0,2.55,2.9,2.88,2.5,3.25,3.14,2.73,3.04,3.03,2.62,2.63,1.5,2.65,1.53,2.7,1.55,2.59,1.51,0.0,2.11,1.79,2.13,1.82,2.17,1.85,2.09,1.8,2023,Ryan Yates,Emmanuel Dennis,Conor Coady,James Garner,0,1,1.0,1.0,,9.0,,2.6,,1.2,,0.0,,0.0,,0.0,,0.0,,12.2,,7.8,,0.4,,1.6,,11.2,,12.4,,4.2,,3.8,,4.4,,3.6,,20.6,,15.4,,496.4,,714.2,,11.8,,6.8,,18.2,,16.4,,20.2,,18.2,,1.8,,1.6,,74.4,,64.2,,1.2
1775,27,Sat,2023-03-11,15:00,Tottenham,2.0,1.5,Nott'm Forest,"61,460",Tottenham Hotspur Stadium,Craig Pawson,/en/matches/d065f9cd/Tottenham-Hotspur-Nottingham-Forest-March-11-2023-Premier-League,3,1,3-4-3,4-3-2-1,13.0,13.0,2.0,10.0,23.0,20.0,628.0,523.0,10.0,8.0,8.0,7.0,17.0,11.0,28.0,17.0,1.0,1.0,8.0,3.0,14.0,9.0,55.0,54.0,3.0,0.0,0.0,1.0,0.0,0.0,Fraser Forster,Oliver Skipp,Pierre Højbjerg,Son Heung-min,Richarlison,Harry Kane,Eric Dier,Cristian Romero,Pedro Porro,Ben Davies,Clément Lenglet,Brandon Austin,Davinson Sánchez,Ivan Perišić,Arnaut Danjuma,Dejan Kulusevski,Japhet Tanganga,Keylor Navas,Joe Worrall,Orel Mangala,Jonjo Shelvey,Morgan Gibbs-White,Jesse Lingard,Brennan Johnson,Remo Freuler,Serge Aurier,Renan Lodi,Felipe,George Shelvey,Neco Williams,Jack Colback,Moussa Niakhate,Ryan Yates,Emmanuel Dennis,E0,11/03/2023,3.0,1.0,H,2.0,0.0,H,C Pawson,15.0,9.0,7.0,5.0,13.0,13.0,2.0,10.0,3.0,1.0,0.0,0.0,1.44,4.75,7.0,1.42,4.75,7.5,1.45,4.6,7.0,,,,1.45,4.69,7.8,1.42,4.4,7.5,1.4,4.2,7.5,,,,,,,,,,,,,,,,,,,1.47,4.63,7.65,2022.0,15:00,1.48,4.8,8.0,1.44,4.62,7.52,1.88,2.05,1.87,2.02,1.88,2.11,1.82,2.01,-1.25,2.04,1.89,2.03,1.88,2.07,1.9,2.01,1.86,1.44,4.75,7.0,1.44,4.4,7.25,1.47,4.6,6.75,1.42,4.4,7.5,1.4,4.2,7.5,1.47,4.75,9.02,1.44,4.55,7.62,1.95,1.98,1.93,1.97,1.96,2.01,1.88,1.94,-1.25,2.08,1.85,2.09,1.85,2.11,1.92,2.02,1.85,2023,Lucas Moura,Pape Matar Sarr,Danilo,André Ayew,2,0,3.0,0.0,9.0,,2.2,,2.6,,0.0,,0.0,,0.2,,0.0,,14.4,,11.8,,1.2,,1.0,,13.6,,10.8,,4.4,,4.0,,5.0,,4.4,,16.2,,16.2,,583.8,,633.4,,8.4,,9.6,,15.0,,20.2,,20.2,,18.2,,1.0,,1.6,,54.0,,58.0,,1.8,
1783,28,Fri,2023-03-17,20:00,Nott'm Forest,0.4,2.4,Newcastle,"29,362",The City Ground,Paul Tierney,/en/matches/5345049a/Nottingham-Forest-Newcastle-United-March-17-2023-Premier-League,1,2,4-2-3-1,4-3-3,17.0,9.0,3.0,7.0,10.0,26.0,434.0,590.0,12.0,15.0,10.0,8.0,13.0,24.0,25.0,10.0,1.0,1.0,10.0,7.0,23.0,15.0,91.0,46.0,5.0,0.0,0.0,1.0,0.0,0.0,Keylor Navas,Jonjo Shelvey,Morgan Gibbs-White,Moussa Niakhate,Brennan Johnson,Ryan Yates,Serge Aurier,Emmanuel Dennis,Renan Lodi,André Ayew,Felipe,Wayne Hennessey,Joe Worrall,Neco Williams,Jack Colback,Harry Toffolo,Sam Surridge,Nick Pope,Kieran Trippier,Sven Botman,Fabian Schär,Allan Saint-Maximin,Alexander Isak,Jacob Murphy,Joe Willock,Dan Burn,Sean Longstaff,Bruno Guimarães,Martin Dúbravka,Paul Dummett,Jamaal Lascelles,Callum Wilson,Matt Ritchie,Jamal Lewis,E0,17/03/2023,1.0,2.0,A,1.0,1.0,D,P Tierney,5.0,15.0,3.0,4.0,17.0,9.0,3.0,7.0,5.0,1.0,0.0,0.0,5.5,3.8,1.62,5.25,3.8,1.65,5.5,3.8,1.65,,,,5.81,3.87,1.68,5.5,3.7,1.65,5.75,3.7,1.62,,,,,,,,,,,,,,,,,,,5.48,3.7,1.75,2022.0,20:00,6.0,3.96,1.74,5.58,3.83,1.67,2.07,1.83,2.07,1.85,2.11,1.86,2.04,1.8,0.75,2.07,1.86,2.05,1.88,2.08,1.9,2.02,1.86,5.25,3.6,1.7,5.0,3.75,1.68,5.25,3.75,1.67,5.25,3.7,1.67,5.5,3.6,1.65,5.8,3.9,1.76,5.45,3.75,1.69,2.1,1.73,2.2,1.74,2.2,1.83,2.08,1.77,0.75,1.96,1.97,1.93,1.98,2.04,1.98,1.97,1.9,2023,Remo Freuler,Danilo,Matt Targett,Javier Manquillo,-1,2,0.0,3.0,,11.0,,2.2,,1.6,,0.2,,0.0,,0.0,,0.0,,9.6,,9.4,,0.8,,1.4,,12.2,,10.4,,4.6,,4.0,,6.0,,4.8,,19.6,,18.4,,590.2,,586.2,,8.2,,9.6,,12.4,,17.2,,21.0,,24.6,,1.8,,0.8,,62.2,,71.0,,1.0
1792,29,Sat,2023-04-01,15:00,Nott'm Forest,1.3,0.5,Wolves,"29,368",The City Ground,Chris Kavanagh,/en/matches/c14b278c/Nottingham-Forest-Wolverhampton-Wanderers-April-1-2023-Premier-League,1,1,4-3-2-1,4-2-3-1,14.0,13.0,4.0,3.0,14.0,22.0,391.0,793.0,15.0,14.0,6.0,6.0,17.0,16.0,15.0,24.0,2.0,0.0,5.0,7.0,18.0,20.0,53.0,69.0,3.0,0.0,0.0,5.0,0.0,0.0,Keylor Navas,Orel Mangala,Neco Williams,Morgan Gibbs-White,Harry Toffolo,Moussa Niakhate,Brennan Johnson,Remo Freuler,Emmanuel Dennis,Danilo,Felipe,Wayne Hennessey,Joe Worrall,Jonjo Shelvey,Jack Colback,Taiwo Awoniyi,Sam Surridge,José Sá,Mario Lemina,Rúben Neves,Matheus Cunha,Craig Dawson,Nélson Semedo,Max Kilman,Toti Gomes,Matheus Nunes,João Moutinho,Adama Traoré,Daniel Bentley,Nathan Collins,Pedro Neto,Raúl Jiménez,Daniel Podence,Pablo Sarabia,E0,01/04/2023,1.0,1.0,D,1.0,0.0,H,C Kavanagh,17.0,8.0,7.0,1.0,14.0,13.0,4.0,3.0,3.0,5.0,0.0,0.0,3.0,3.1,2.55,2.85,3.1,2.6,2.95,3.15,2.55,,,,3.01,3.16,2.64,2.88,3.1,2.55,2.9,3.0,2.6,,,,,,,,,,,,,,,,,,,3.44,3.16,2.41,2022.0,15:00,3.15,3.3,2.7,2.96,3.13,2.61,2.38,1.57,2.39,1.63,2.44,1.65,2.38,1.59,0.0,2.08,1.82,2.09,1.83,2.12,1.86,2.06,1.81,3.3,3.1,2.38,3.3,3.0,2.35,2.95,3.15,2.55,3.4,3.0,2.3,3.3,3.1,2.38,3.47,3.32,2.55,3.32,3.12,2.39,2.5,1.53,2.56,1.56,2.56,1.66,2.44,1.57,0.25,1.89,2.01,1.89,2.04,1.92,2.07,1.86,2.0,2023,Cheikhou Kouyaté,Renan Lodi,Diego Costa,João Gomes,0,1,1.0,1.0,,6.0,,1.8,,2.2,,0.4,,0.0,,0.0,,0.0,,13.4,,12.6,,1.0,,1.8,,10.0,,15.2,,4.0,,5.8,,3.4,,6.0,,16.0,,20.0,,607.6,,568.4,,8.0,,9.2,,19.8,,14.2,,19.6,,18.4,,1.8,,0.6,,62.8,,60.8,,0.8
1800,7,Tue,2023-04-04,19:45,Leeds,1.8,0.8,Nott'm Forest,"36,740",Elland Road,Robert Jones,/en/matches/1251d1c0/Leeds-United-Nottingham-Forest-April-4-2023-Premier-League,2,1,4-2-3-1,4-3-2-1,11.0,13.0,11.0,4.0,25.0,11.0,701.0,491.0,15.0,18.0,10.0,8.0,23.0,15.0,22.0,33.0,3.0,3.0,3.0,8.0,21.0,25.0,69.0,65.0,1.0,0.0,0.0,4.0,0.0,0.0,Illan Meslier,Luke Ayling,Junior Firpo,Robin Koch,Brenden Aaronson,Marc Roca,Patrick Bamford,Jack Harrison,Pascal Struijk,Luis Sinisterra,Weston McKennie,Joel Robles,Liam Cooper,Crysencio Summerville,Darko Gyabi,Rodrigo,Georginio Rutter,Keylor Navas,Orel Mangala,Neco Williams,Morgan Gibbs-White,Harry Toffolo,Moussa Niakhate,Brennan Johnson,Remo Freuler,Emmanuel Dennis,Danilo,Felipe,Wayne Hennessey,Joe Worrall,Jonjo Shelvey,Taiwo Awoniyi,Sam Surridge,Cheikhou Kouyaté,E0,04/04/2023,2.0,1.0,H,2.0,1.0,H,R Jones,21.0,13.0,6.0,1.0,11.0,13.0,11.0,4.0,1.0,4.0,0.0,0.0,1.7,3.75,5.0,1.75,3.6,4.75,1.7,3.8,4.9,,,,1.72,3.97,5.23,1.73,3.6,5.0,1.7,3.75,5.25,,,,,,,,,,,,,,,,,,,1.72,3.94,5.22,2022.0,19:45,1.75,4.1,5.5,1.73,3.83,5.05,1.98,1.92,1.98,1.93,2.03,1.94,1.96,1.88,-0.75,1.94,1.99,1.93,2.0,1.96,2.02,1.92,1.95,1.62,4.0,5.5,1.68,3.8,5.0,1.67,3.9,5.25,1.65,3.8,5.25,1.67,3.8,5.25,1.74,4.08,5.5,1.7,3.88,5.17,1.94,1.96,1.91,2.0,1.99,2.03,1.9,1.93,-0.75,1.94,1.99,1.93,1.99,2.01,2.03,1.9,1.97,2023,Rasmus Nissen,Degnand Gnonto,Gustavo Scarpa,Renan Lodi,1,0,3.0,0.0,9.0,,2.0,,2.0,,0.0,,0.4,,0.0,,0.0,,11.2,,11.8,,1.6,,1.8,,11.0,,14.2,,3.8,,4.2,,5.4,,4.6,,15.6,,17.4,,550.8,,718.6,,12.6,,9.6,,20.4,,22.6,,21.2,,16.2,,1.6,,3.0,,48.8,,51.6,,1.4,
1808,30,Sat,2023-04-08,15:00,Aston Villa,1.3,0.2,Nott'm Forest,"42,076",Villa Park,Anthony Taylor,/en/matches/68cd68fd/Aston-Villa-Nottingham-Forest-April-8-2023-Premier-League,2,0,4-4-2,3-4-3,7.0,17.0,1.0,8.0,10.0,18.0,585.0,354.0,12.0,17.0,4.0,5.0,11.0,14.0,22.0,12.0,1.0,7.0,2.0,14.0,20.0,26.0,41.0,57.0,3.0,0.0,0.0,4.0,0.0,0.0,Emiliano Martínez,Ezri Konsa,Tyrone Mings,Douglas Luiz,John McGinn,Emi Buendía,Ollie Watkins,Álex Moreno,Ashley Young,Leon Bailey,Jacob Ramsey,Robin Olsen,Viljami Sinisalo,Diego Carlos,Bertrand Traoré,Calum Chambers,Jhon Durán,Keylor Navas,Joe Worrall,Jonjo Shelvey,Neco Williams,Morgan Gibbs-White,Harry Toffolo,Moussa Niakhate,Brennan Johnson,Cheikhou Kouyaté,Danilo,Felipe,Wayne Hennessey,Orel Mangala,Taiwo Awoniyi,Jesse Lingard,Sam Surridge,Remo Freuler,E0,08/04/2023,2.0,0.0,H,0.0,0.0,D,A Taylor,8.0,6.0,3.0,2.0,7.0,17.0,1.0,8.0,3.0,4.0,0.0,0.0,1.6,4.2,5.25,1.6,4.0,5.5,1.63,4.1,5.5,,,,1.64,4.16,5.5,1.6,3.8,5.8,1.57,3.9,5.75,,,,,,,,,,,,,,,,,,,1.6,4.25,6.12,2022.0,15:00,1.65,4.3,6.0,1.62,4.09,5.55,1.94,1.96,1.98,1.9,1.99,1.98,1.91,1.91,-1.0,2.06,1.84,2.12,1.79,2.12,1.86,2.06,1.81,1.57,4.2,5.5,1.6,4.0,5.5,1.57,4.1,5.75,1.57,4.0,5.8,1.55,4.0,6.5,1.62,4.4,6.5,1.58,4.16,5.98,1.91,1.99,1.93,1.98,1.99,2.03,1.89,1.95,-1.0,2.02,1.91,2.02,1.91,2.07,1.96,2.0,1.88,2023,Lucas Digne,Leander Dendoncker,Emmanuel Dennis,Scott McKenna,2,0,3.0,0.0,11.0,,1.2,,3.4,,0.0,,0.0,,0.0,,0.4,,11.6,,12.6,,1.8,,0.4,,12.0,,13.2,,4.2,,4.2,,4.6,,7.8,,10.8,,23.2,,600.8,,537.2,,6.4,,11.4,,14.4,,19.4,,19.6,,12.6,,0.4,,3.4,,43.2,,57.6,,2.6,
1824,31,Sun,2023-04-16,16:30,Nott'm Forest,0.7,3.5,Chelsea,"29,435",The City Ground,Simon Hooper,/en/matches/4ca8f9f6/Nottingham-Forest-Manchester-United-April-16-2023-Premier-League,0,2,3-4-1-2,4-2-3-1,9.0,9.0,4.0,9.0,12.0,19.0,444.0,767.0,20.0,12.0,11.0,12.0,13.0,15.0,27.0,16.0,1.0,3.0,11.0,8.0,19.0,25.0,76.0,63.0,2.0,0.0,0.0,2.0,0.0,0.0,Keylor Navas,Neco Williams,Taiwo Awoniyi,Morgan Gibbs-White,Moussa Niakhate,Brennan Johnson,Remo Freuler,Scott McKenna,Danilo,Renan Lodi,Felipe,Wayne Hennessey,Joe Worrall,Orel Mangala,Jonjo Shelvey,Jesse Lingard,Harry Toffolo,David de Gea,Victor Lindelöf,Harry Maguire,Bruno Fernandes,Anthony Martial,Christian Eriksen,Casemiro,Diogo Dalot,Antony,Jadon Sancho,Aaron Wan-Bissaka,Nathan Bishop,Jack Butland,Fred,Wout Weghorst,Facundo Pellistri,Brandon Williams,E0,01/01/2023,1.0,1.0,D,0.0,1.0,A,P Bankes,12.0,7.0,5.0,2.0,16.0,14.0,1.0,2.0,2.0,2.0,0.0,0.0,5.0,3.8,1.7,5.0,3.8,1.68,5.0,3.8,1.7,,,,5.43,3.98,1.7,5.0,3.7,1.7,5.25,3.7,1.65,,,,,,,,,,,,,,,,,,,5.8,4.2,1.63,2022.0,16:30,5.5,4.0,1.74,5.21,3.88,1.69,2.02,1.91,2.02,1.89,2.05,1.92,1.96,1.85,0.75,2.02,1.91,2.03,1.9,2.03,1.92,1.98,1.88,5.5,4.0,1.62,5.5,4.0,1.6,5.5,4.0,1.6,6.0,3.9,1.57,5.75,3.9,1.57,6.23,4.2,1.65,5.77,4.08,1.61,1.91,1.99,1.91,2.0,1.96,2.03,1.89,1.94,1.0,1.86,2.07,1.84,2.08,1.9,2.1,1.83,2.06,2023,Sam Surridge,Emmanuel Dennis,Anthony Elanga,Zidane Iqbal,-2,2,0.0,3.0,,0.0,,2.2,,2.0,,0.0,,0.0,,0.0,,0.0,,9.2,,12.8,,0.8,,0.6,,13.6,,12.2,,3.4,,4.4,,7.0,,5.6,,17.0,,17.2,,697.4,,567.6,,8.6,,7.6,,18.8,,21.4,,19.6,,19.8,,2.2,,1.8,,58.6,,60.0,,1.4
1830,32,Sat,2023-04-22,15:00,Liverpool,2.8,0.9,Nott'm Forest,"53,254",Anfield,Michael Oliver,/en/matches/99bfc321/Liverpool-Nottingham-Forest-April-22-2023-Premier-League,3,2,4-3-3,3-4-3,9.0,12.0,9.0,3.0,28.0,11.0,824.0,299.0,14.0,15.0,5.0,12.0,19.0,14.0,11.0,29.0,2.0,3.0,7.0,10.0,28.0,18.0,72.0,71.0,0.0,0.0,0.0,1.0,0.0,0.0,Alisson,Fabinho,Virgil van Dijk,Ibrahima Konaté,Mohamed Salah,Jordan Henderson,Curtis Jones,Cody Gakpo,Diogo Jota,Andrew Robertson,Trent Alexander-Arnold,Caoimhín Kelleher,Joe Gomez,Thiago Alcántara,James Milner,Harvey Elliott,Kostas Tsimikas,Keylor Navas,Orel Mangala,Neco Williams,Taiwo Awoniyi,Morgan Gibbs-White,Moussa Niakhate,Remo Freuler,Scott McKenna,Danilo,Renan Lodi,Felipe,Wayne Hennessey,Joe Worrall,Jesse Lingard,Harry Toffolo,Sam Surridge,Brennan Johnson,E0,22/04/2023,3.0,2.0,H,0.0,0.0,D,M Oliver,18.0,11.0,6.0,5.0,9.0,12.0,9.0,3.0,0.0,1.0,0.0,0.0,1.17,7.5,17.0,1.17,7.75,16.0,1.2,7.25,14.0,,,,1.19,7.71,15.51,1.17,7.0,17.0,1.14,7.5,18.0,,,,,,,,,,,,,,,,,,,1.17,8.5,16.5,2022.0,15:00,1.21,8.2,19.5,1.18,7.64,16.06,1.44,2.75,1.45,2.83,1.47,2.9,1.45,2.78,-2.0,1.85,2.05,1.87,2.02,1.89,2.11,1.84,2.02,1.18,8.0,15.0,1.16,8.0,16.5,1.2,7.5,14.0,1.15,7.0,19.0,1.14,8.0,20.0,1.21,9.0,20.0,1.17,8.07,16.57,1.4,3.0,1.42,2.89,1.47,3.19,1.42,2.9,-2.0,1.84,2.09,1.85,2.07,1.92,2.19,1.82,2.06,2023,Luis Díaz,Darwin Núñez,Emmanuel Dennis,André Ayew,1,0,3.0,0.0,11.0,,2.2,,1.6,,0.0,,0.0,,0.0,,0.0,,12.2,,7.8,,1.8,,1.6,,12.0,,11.2,,4.8,,4.2,,4.2,,4.2,,16.0,,12.8,,725.8,,598.0,,9.0,,10.0,,18.0,,15.2,,15.2,,21.8,,3.2,,2.4,,67.2,,62.2,,1.0,
1837,33,Wed,2023-04-26,19:30,Nott'm Forest,2.4,2.3,Brighton,"28,808",The City Ground,Jarred Gillett,/en/matches/76db2de1/Nottingham-Forest-Brighton-and-Hove-Albion-April-26-2023-Premier-League,3,1,3-4-3,4-2-3-1,7.0,8.0,2.0,7.0,7.0,13.0,384.0,856.0,18.0,14.0,14.0,7.0,9.0,10.0,20.0,16.0,1.0,2.0,10.0,9.0,17.0,18.0,53.0,45.0,2.0,0.0,0.0,0.0,0.0,0.0,Keylor Navas,Orel Mangala,Neco Williams,Taiwo Awoniyi,Morgan Gibbs-White,Moussa Niakhate,Brennan Johnson,Serge Aurier,Danilo,Renan Lodi,Felipe,Wayne Hennessey,Joe Worrall,Jesse Lingard,Harry Toffolo,Sam Surridge,Cheikhou Kouyaté,Jason Steele,Lewis Dunk,Levi Colwill,Solly March,Alexis Mac Allister,Pascal Groß,Julio César Enciso,Kaoru Mitoma,Moisés Caicedo,Pervis Estupiñán,Facundo Buonanotte,Robert Sánchez,Adam Webster,Danny Welbeck,Deniz Undav,Yasin Ayari,Billy Gilmour,E0,26/04/2023,3.0,1.0,H,1.0,1.0,D,J Gillett,12.0,17.0,5.0,7.0,7.0,8.0,2.0,7.0,2.0,0.0,0.0,0.0,6.0,4.2,1.53,6.0,4.33,1.53,5.75,4.4,1.53,,,,6.12,4.42,1.56,6.0,4.2,1.52,6.5,4.1,1.5,,,,,,,,,,,,,,,,,,,5.83,4.37,1.59,2022.0,19:30,6.5,4.6,1.58,6.08,4.36,1.54,1.73,2.1,1.79,2.11,1.81,2.19,1.74,2.11,1.0,1.99,1.91,1.99,1.92,2.02,1.94,1.96,1.89,5.25,4.33,1.57,5.0,4.2,1.61,5.75,4.4,1.55,5.25,4.0,1.62,5.25,4.2,1.62,5.9,4.4,1.65,5.51,4.26,1.6,1.73,2.1,1.78,2.15,1.8,2.2,1.74,2.12,1.0,1.88,2.02,1.93,2.0,1.93,2.07,1.86,2.01,2023,Remo Freuler,Emmanuel Dennis,Jan Paul van Hecke,Joël Veltman,2,0,3.0,0.0,,7.0,,1.2,,1.8,,0.0,,0.0,,0.0,,0.0,,12.0,,13.4,,1.8,,1.2,,20.6,,9.8,,8.0,,3.2,,7.0,,2.8,,18.8,,13.4,,721.2,,491.6,,6.8,,11.4,,17.6,,16.8,,9.8,,21.8,,1.2,,1.2,,52.2,,54.6,,2.0
1846,34,Sat,2023-04-29,15:00,Brentford,1.6,0.7,Nott'm Forest,"17,080",Brentford Community Stadium,Peter Bankes,/en/matches/3aeacbaa/Brentford-Nottingham-Forest-April-29-2023-Premier-League,2,1,4-3-3,3-4-3,6.0,13.0,6.0,0.0,32.0,6.0,699.0,400.0,9.0,21.0,6.0,7.0,22.0,23.0,6.0,44.0,1.0,1.0,4.0,7.0,24.0,24.0,65.0,74.0,1.0,0.0,0.0,2.0,0.0,0.0,David Raya,Aaron Hickey,Rico Henry,Ethan Pinnock,Mathias Jensen,Kevin Schade,Ben Mee,Ivan Toney,Bryan Mbeumo,Mikkel Damsgaard,Vitaly Janelt,Matthew Cox,Josh Dasilva,Yoane Wissa,Mathias Jørgensen,Saman Ghoddos,Frank Onyeka,Keylor Navas,Joe Worrall,Orel Mangala,Taiwo Awoniyi,Morgan Gibbs-White,Moussa Niakhate,Brennan Johnson,Serge Aurier,Danilo,Renan Lodi,Felipe,Wayne Hennessey,Jesse Lingard,Harry Toffolo,Sam Surridge,Cheikhou Kouyaté,Ryan Yates,E0,29/04/2023,2.0,1.0,H,0.0,1.0,A,P Bankes,14.0,5.0,8.0,3.0,6.0,13.0,6.0,0.0,1.0,2.0,0.0,0.0,1.65,3.8,5.5,1.63,3.9,5.25,1.65,3.9,5.25,,,,1.68,3.92,5.54,1.65,3.7,5.5,1.62,3.8,5.5,,,,,,,,,,,,,,,,,,,1.77,3.8,5.02,2022.0,15:00,1.7,4.0,5.7,1.66,3.88,5.5,1.99,1.91,1.99,1.89,2.04,1.92,1.95,1.87,-0.75,1.85,2.08,1.88,2.04,1.88,2.11,1.83,2.03,1.73,3.6,5.0,1.75,3.6,4.8,1.65,3.85,5.25,1.73,3.5,5.0,1.73,3.7,5.0,1.78,4.1,5.7,1.74,3.77,5.04,2.04,1.86,2.05,1.86,2.08,1.91,1.98,1.85,-0.75,2.0,1.93,2.01,1.92,2.02,2.07,1.94,1.91,2023,Shandon Baptiste,Mads Roerslev,Remo Freuler,Emmanuel Dennis,1,0,3.0,0.0,7.0,,1.6,,1.8,,0.0,,0.0,,0.0,,0.0,,11.2,,9.8,,0.8,,1.2,,8.4,,13.0,,3.2,,4.6,,4.2,,6.2,,16.6,,18.6,,470.2,,659.8,,10.0,,6.6,,17.2,,15.2,,19.8,,21.4,,2.4,,1.4,,70.6,,69.2,,0.8,
1866,35,Mon,2023-05-08,20:00,Nott'm Forest,1.8,3.1,Southampton,"29,154",The City Ground,Michael Oliver,/en/matches/23e7953f/Nottingham-Forest-Southampton-May-8-2023-Premier-League,4,3,4-3-3,4-2-3-1,16.0,10.0,2.0,11.0,7.0,25.0,438.0,688.0,20.0,6.0,12.0,9.0,12.0,8.0,22.0,13.0,3.0,1.0,12.0,5.0,14.0,19.0,59.0,63.0,1.0,0.0,0.0,0.0,0.0,0.0,Keylor Navas,Orel Mangala,Taiwo Awoniyi,Morgan Gibbs-White,Moussa Niakhate,Brennan Johnson,Ryan Yates,Serge Aurier,Danilo,Renan Lodi,Felipe,Wayne Hennessey,Joe Worrall,Jesse Lingard,Harry Toffolo,Sam Surridge,Cheikhou Kouyaté,Alex McCarthy,Kyle Walker-Peters,Ainsley Maitland-Niles,James Ward-Prowse,Che Adams,Stuart Armstrong,Carlos Alcaraz,Theo Walcott,Jan Bednarek,Armel Bella Kotchap,Roméo Lavia,Gavin Bazunu,Lyanco,Duje Ćaleta-Car,Adam Armstrong,Paul Onuachu,Sekou Mara,E0,08/05/2023,4.0,3.0,H,3.0,1.0,H,M Oliver,9.0,19.0,4.0,5.0,16.0,10.0,2.0,11.0,1.0,0.0,0.0,0.0,2.1,3.6,3.4,2.05,3.4,3.5,2.15,3.5,3.35,,,,2.17,3.6,3.45,2.1,3.4,3.5,2.1,3.3,3.5,,,,,,,,,,,,,,,,,,,2.03,3.61,3.93,2022.0,20:00,2.2,3.72,3.54,2.13,3.52,3.46,2.03,1.87,2.03,1.86,2.07,1.89,2.0,1.83,-0.25,1.86,2.04,1.88,2.03,1.88,2.09,1.83,2.02,1.95,3.5,3.8,2.0,3.4,3.8,2.0,3.45,3.8,2.0,3.4,3.75,2.0,3.4,3.9,2.07,3.61,4.25,2.01,3.49,3.9,2.1,1.73,2.16,1.75,2.23,1.83,2.11,1.75,-0.5,2.01,1.89,2.03,1.89,2.07,1.93,2.01,1.86,2023,Remo Freuler,Willy Boly,Kamaldeen Sulemana,Samuel Edozie,1,0,3.0,0.0,,8.0,,2.4,,1.6,,0.0,,0.0,,0.0,,0.0,,9.0,,10.2,,1.0,,2.6,,7.6,,17.0,,3.2,,4.6,,3.2,,6.8,,11.4,,21.2,,521.0,,679.0,,12.0,,6.6,,18.0,,17.2,,26.4,,14.0,,2.2,,1.4,,61.8,,65.4,,0.2
1869,36,Sat,2023-05-13,15:00,Chelsea,1.2,1.3,Nott'm Forest,"40,030",Stamford Bridge,Paul Tierney,/en/matches/96ab0b45/Chelsea-Nottingham-Forest-May-13-2023-Premier-League,2,2,4-3-3,3-4-3,13.0,15.0,2.0,5.0,17.0,11.0,866.0,369.0,14.0,28.0,3.0,17.0,16.0,12.0,16.0,26.0,1.0,2.0,7.0,5.0,27.0,18.0,53.0,68.0,3.0,0.0,0.0,1.0,0.0,0.0,Edouard Mendy,Benoît Badiashile,Enzo Fernández,Thiago Silva,Mateo Kovačić,João Félix,Trevoh Chalobah,Raheem Sterling,Conor Gallagher,Noni Madueke,Lewis Hall,Kepa Arrizabalaga,Christian Pulisic,Ruben Loftus-Cheek,Mykhailo Mudryk,Hakim Ziyech,David Datro Fofana,Keylor Navas,Joe Worrall,Orel Mangala,Taiwo Awoniyi,Morgan Gibbs-White,Moussa Niakhate,Ryan Yates,Serge Aurier,Danilo,Renan Lodi,Felipe,Wayne Hennessey,Jesse Lingard,Harry Toffolo,Sam Surridge,Brennan Johnson,Cheikhou Kouyaté,E0,13/05/2023,2.0,2.0,D,0.0,1.0,A,P Tierney,14.0,11.0,6.0,2.0,13.0,15.0,2.0,5.0,3.0,1.0,0.0,0.0,1.5,4.5,6.0,1.5,4.33,6.25,1.53,4.4,6.0,,,,1.51,4.47,6.88,1.5,4.2,6.5,1.45,4.2,7.0,,,,,,,,,,,,,,,,,,,1.57,4.38,5.75,2022.0,15:00,1.55,4.6,7.1,1.51,4.4,6.68,1.86,2.04,1.87,2.03,1.9,2.07,1.84,1.99,-1.0,1.85,2.05,1.87,2.05,1.88,2.08,1.84,2.02,1.57,4.2,5.25,1.55,4.2,5.75,1.53,4.3,5.75,1.55,4.0,6.0,1.53,4.1,6.5,1.62,4.6,6.6,1.56,4.3,6.06,1.8,2.0,1.85,2.06,1.87,2.13,1.8,2.04,-1.0,2.07,1.83,1.96,1.96,2.07,2.03,1.93,1.93,2023,César Azpilicueta,Kai Havertz,Remo Freuler,Willy Boly,0,1,1.0,1.0,0.0,,2.6,,1.0,,0.0,,0.0,,0.0,,0.0,,12.0,,8.0,,1.0,,1.2,,14.4,,12.0,,5.6,,5.4,,4.6,,6.2,,10.8,,15.0,,669.8,,567.6,,8.8,,7.4,,15.0,,15.0,,16.2,,16.2,,2.0,,1.2,,58.0,,57.4,,1.2,
1883,37,Sat,2023-05-20,17:30,Nott'm Forest,0.6,0.6,Arsenal,"29,514",The City Ground,Anthony Taylor,/en/matches/9a2ea2b3/Nottingham-Forest-Arsenal-May-20-2023-Premier-League,1,0,3-4-3,4-3-3,11.0,12.0,3.0,6.0,7.0,19.0,297.0,852.0,18.0,8.0,12.0,6.0,9.0,26.0,24.0,14.0,1.0,1.0,12.0,2.0,14.0,11.0,73.0,37.0,3.0,0.0,0.0,2.0,0.0,0.0,Keylor Navas,Joe Worrall,Orel Mangala,Taiwo Awoniyi,Morgan Gibbs-White,Moussa Niakhate,Ryan Yates,Serge Aurier,Danilo,Renan Lodi,Felipe,Wayne Hennessey,Harry Toffolo,Sam Surridge,Brennan Johnson,Cheikhou Kouyaté,Remo Freuler,Aaron Ramsdale,Ben White,Thomas Partey,Gabriel Dos Santos,Bukayo Saka,Martin Ødegaard,Gabriel Jesus,Jakub Kiwior,Leandro Trossard,Jorginho,Granit Xhaka,Matt Turner,Kieran Tierney,Emile Smith Rowe,Eddie Nketiah,Rob Holding,Fabio Vieira,E0,20/05/2023,1.0,0.0,H,1.0,0.0,H,A Taylor,6.0,11.0,2.0,3.0,11.0,12.0,3.0,6.0,3.0,2.0,0.0,0.0,5.25,4.33,1.57,5.25,4.4,1.57,4.4,4.3,1.7,,,,5.37,4.47,1.61,5.5,4.33,1.55,5.5,4.2,1.55,,,,,,,,,,,,,,,,,,,5.28,4.23,1.66,2022.0,17:30,5.6,4.6,1.7,5.37,4.45,1.59,1.57,2.38,1.61,2.42,1.64,2.51,1.57,2.41,1.0,1.91,1.99,1.93,1.98,1.95,2.1,1.9,1.96,5.0,4.2,1.62,5.25,4.0,1.62,4.7,4.2,1.67,5.25,4.0,1.62,5.5,4.0,1.62,5.6,4.33,1.68,5.26,4.18,1.64,1.73,2.1,1.76,2.17,1.83,2.29,1.74,2.13,1.0,1.75,2.05,1.81,2.13,1.87,2.2,1.79,2.09,2023,Emmanuel Dennis,Willy Boly,Mauro Bandeira,Amario Duberry,1,0,3.0,0.0,,9.0,,0.8,,2.8,,0.0,,0.0,,0.0,,0.0,,11.6,,14.0,,1.8,,2.2,,14.6,,10.6,,5.2,,6.0,,5.2,,3.2,,14.4,,9.6,,608.8,,558.8,,6.2,,9.4,,16.4,,16.2,,11.8,,20.0,,1.0,,1.2,,51.0,,57.6,,1.4
1890,38,Sun,2023-05-28,16:30,Crystal Palace,1.4,0.5,Nott'm Forest,"25,198",Selhurst Park,Thomas Bramall,/en/matches/181fd119/Crystal-Palace-Nottingham-Forest-May-28-2023-Premier-League,1,1,4-2-3-1,3-4-3,9.0,13.0,5.0,4.0,20.0,8.0,677.0,401.0,15.0,19.0,2.0,6.0,14.0,10.0,13.0,23.0,2.0,2.0,4.0,10.0,21.0,12.0,55.0,77.0,0.0,0.0,0.0,2.0,0.0,0.0,Sam Johnstone,Joel Ward,Tyrick Mitchell,Marc Guéhi,Michael Olise,Jordan Ayew,Eberechi Eze,Joachim Andersen,Will Hughes,Odsonne Édouard,Cheick Doucouré,Joseph Whitworth,Albert Sambi Lokonga,Jean-Philippe Mateta,Nathaniel Clyne,James McArthur,Chris Richards,Wayne Hennessey,Joe Worrall,Orel Mangala,Taiwo Awoniyi,Morgan Gibbs-White,Moussa Niakhate,Brennan Johnson,Ryan Yates,Serge Aurier,Willy Boly,Renan Lodi,George Shelvey,Jesse Lingard,Harry Toffolo,Sam Surridge,Alex Mighten,Cheikhou Kouyaté,E0,28/05/2023,1.0,1.0,D,0.0,1.0,A,T Bramall,16.0,7.0,4.0,4.0,9.0,13.0,5.0,4.0,0.0,2.0,0.0,0.0,1.67,4.0,5.0,1.7,4.0,4.6,1.7,4.1,4.7,,,,1.68,4.28,4.8,1.62,3.7,4.2,1.65,4.0,4.8,,,,,,,,,,,,,,,,,,,1.62,4.19,5.75,2022.0,16:30,1.74,4.4,5.0,1.69,4.15,4.77,1.67,2.2,1.66,2.29,1.71,2.34,1.65,2.27,-0.75,1.86,2.04,1.86,2.03,1.92,2.06,1.85,2.0,1.6,4.0,5.75,1.6,4.0,5.5,1.6,4.1,5.5,1.53,3.7,5.0,1.57,4.0,6.0,1.66,4.27,6.0,1.6,4.09,5.61,1.84,2.06,1.83,2.06,1.9,2.25,1.8,2.03,-1.0,2.06,1.84,2.06,1.86,2.12,1.88,2.04,1.83,2023,Naouirou Ahamada,Omotayo Adaramola,Remo Freuler,Emmanuel Dennis,0,1,1.0,1.0,11.0,,2.0,,3.0,,0.0,,0.0,,0.0,,0.0,,10.8,,14.0,,1.6,,1.6,,13.0,,8.2,,4.4,,2.8,,7.6,,5.6,,20.8,,14.8,,611.2,,542.0,,8.2,,10.6,,16.2,,18.6,,18.0,,25.8,,1.2,,1.4,,64.2,,68.0,,1.4,
